Workbook

Sheet Raw Data
A1: Element | B1: Method | C1: n | D1: TotalEnergy_Ha | E1: CorrelationEnergy_Ha | F1: Eig1_Ha | G1: Eig2_Ha | H1: Eig3_Ha | I1: Eig4_Ha | J1: Eig5_Ha | K1: Eig6_Ha | L1: Eig7_Ha | M1: Eig8_Ha | N1: Eig9_Ha | O1: Eig10_Ha | P1: Eig11_Ha | Q1: Eig12_Ha | R1: Eig13_Ha | S1: Eig14_Ha | T1: AbsDiff_TotalEnergy_Ha | U1: AbsDiff_CorrelationEnergy_Ha | V1: AbsDiff_Eig1_Ha | W1: AbsDiff_Eig2_Ha | X1: AbsDiff_Eig3_Ha | Y1: AbsDiff_Eig4_Ha | Z1: AbsDiff_Eig5_Ha | AA1: AbsDiff_Eig6_Ha | AB1: AbsDiff_Eig7_Ha | AC1: AbsDiff_Eig8_Ha | AD1: AbsDiff_Eig9_Ha | AE1: AbsDiff_Eig10_Ha | AF1: AbsDiff_Eig11_Ha | AG1: AbsDiff_Eig12_Ha | AH1: AbsDiff_Eig13_Ha | AI1: AbsDiff_Eig14_Ha | AJ1: MaxEigDiff_Ha
A2: He | B2: Midpoint | C2: 5 | D2: -2.9419949 | E2: -0.081498211 | F2: -0.98463768 | T2: =ABS(D2-SUMIFS($D$2:$D$205,$A$2:$A$205,$A2,$B$2:$B$205,$B2,$C$2:$C$205,100)) -> 0.0028055115 | U2: =ABS(E2-SUMIFS($E$2:$E$205,$A$2:$A$205,$A2,$B$2:$B$205,$B2,$C$2:$C$205,100)) -> 0.0017498049 | V2: =IF(ISBLANK(F2),"",ABS(F2-SUMIFS($F$2:$F$205,$A$2:$A$205,$A2,$B$2:$B$205,$B2,$C$2:$C$205,100))) -> 0.083353335 | W2: =IF(ISBLANK(G2),"",ABS(G2-SUMIFS($G$2:$G$205,$A$2:$A$205,$A2,$B$2:$B$205,$B2,$C$2:$C$205,100))) | X2: =IF(ISBLANK(H2),"",ABS(H2-SUMIFS($H$2:$H$205,$A$2:$A$205,$A2,$B$2:$B$205,$B2,$C$2:$C$205,100))) | Y2: =IF(ISBLANK(I2),"",ABS(I2-SUMIFS($I$2:$I$205,$A$2:$A$205,$A2,$B$2:$B$205,$B2,$C$2:$C$205,100))) | Z2: =IF(ISBLANK(J2),"",ABS(J2-SUMIFS($J$2:$J$205,$A$2:$A$205,$A2,$B$2:$B$205,$B2,$C$2:$C$205,100))) | AA2: =IF(ISBLANK(K2),"",ABS(K2-SUMIFS($K$2:$K$205,$A$2:$A$205,$A2,$B$2:$B$205,$B2,$C$2:$C$205,100))) | AB2: =IF(ISBLANK(L2),"",ABS(L2-SUMIFS($L$2:$L$205,$A$2:$A$205,$A2,$B$2:$B$205,$B2,$C$2:$C$205,100))) | AC2: =IF(ISBLANK(M2),"",ABS(M2-SUMIFS($M$2:$M$205,$A$2:$A$205,$A2,$B$2:$B$205,$B2,$C$2:$C$205,100))) | AD2: =IF(ISBLANK(N2),"",ABS(N2-SUMIFS($N$2:$N$205,$A$2:$A$205,$A2,$B$2:$B$205,$B2,$C$2:$C$205,100))) | AE2: =IF(ISBLANK(O2),"",ABS(O2-SUMIFS($O$2:$O$205,$A$2:$A$205,$A2,$B$2:$B$205,$B2,$C$2:$C$205,100))) | AF2: =IF(ISBLANK(P2),"",ABS(P2-SUMIFS($P$2:$P$205,$A$2:$A$205,$A2,$B$2:$B$205,$B2,$C$2:$C$205,100))) | AG2: =IF(ISBLANK(Q2),"",ABS(Q2-SUMIFS($Q$2:$Q$205,$A$2:$A$205,$A2,$B$2:$B$205,$B2,$C$2:$C$205,100))) | AH2: =IF(ISBLANK(R2),"",ABS(R2-SUMIFS($R$2:$R$205,$A$2:$A$205,$A2,$B$2:$B$205,$B2,$C$2:$C$205,100))) | AI2: =IF(ISBLANK(S2),"",ABS(S2-SUMIFS($S$2:$S$205,$A$2:$A$205,$A2,$B$2:$B$205,$B2,$C$2:$C$205,100))) | AJ2: =MAX(V2:AI2) -> 0.083353335
A3: He | B3: Midpoint | C3: 10 | D3: -2.9443114 | E3: -0.082826006 | F3: -1.0002658 | T3: =ABS(D3-SUMIFS($D$2:$D$205,$A$2:$A$205,$A3,$B$2:$B$205,$B3,$C$2:$C$205,100)) -> 0.00048894572 | U3: =ABS(E3-SUMIFS($E$2:$E$205,$A$2:$A$205,$A3,$B$2:$B$205,$B3,$C$2:$C$205,100)) -> 0.00042201019 | V3: =IF(ISBLANK(F3),"",ABS(F3-SUMIFS($F$2:$F$205,$A$2:$A$205,$A3,$B$2:$B$205,$B3,$C$2:$C$205,100))) -> 0.098981459 | W3: =IF(ISBLANK(G3),"",ABS(G3-SUMIFS($G$2:$G$205,$A$2:$A$205,$A3,$B$2:$B$205,$B3,$C$2:$C$205,100))) | X3: =IF(ISBLANK(H3),"",ABS(H3-SUMIFS($H$2:$H$205,$A$2:$A$205,$A3,$B$2:$B$205,$B3,$C$2:$C$205,100))) | Y3: =IF(ISBLANK(I3),"",ABS(I3-SUMIFS($I$2:$I$205,$A$2:$A$205,$A3,$B$2:$B$205,$B3,$C$2:$C$205,100))) | Z3: =IF(ISBLANK(J3),"",ABS(J3-SUMIFS($J$2:$J$205,$A$2:$A$205,$A3,$B$2:$B$205,$B3,$C$2:$C$205,100))) | AA3: =IF(ISBLANK(K3),"",ABS(K3-SUMIFS($K$2:$K$205,$A$2:$A$205,$A3,$B$2:$B$205,$B3,$C$2:$C$205,100))) | AB3: =IF(ISBLANK(L3),"",ABS(L3-SUMIFS($L$2:$L$205,$A$2:$A$205,$A3,$B$2:$B$205,$B3,$C$2:$C$205,100))) | AC3: =IF(ISBLANK(M3),"",ABS(M3-SUMIFS($M$2:$M$205,$A$2:$A$205,$A3,$B$2:$B$205,$B3,$C$2:$C$205,100))) | AD3: =IF(ISBLANK(N3),"",ABS(N3-SUMIFS($N$2:$N$205,$A$2:$A$205,$A3,$B$2:$B$205,$B3,$C$2:$C$205,100))) | AE3: =IF(ISBLANK(O3),"",ABS(O3-SUMIFS($O$2:$O$205,$A$2:$A$205,$A3,$B$2:$B$205,$B3,$C$2:$C$205,100))) | AF3: =IF(ISBLANK(P3),"",ABS(P3-SUMIFS($P$2:$P$205,$A$2:$A$205,$A3,$B$2:$B$205,$B3,$C$2:$C$205,100))) | AG3: =IF(ISBLANK(Q3),"",ABS(Q3-SUMIFS($Q$2:$Q$205,$A$2:$A$205,$A3,$B$2:$B$205,$B3,$C$2:$C$205,100))) | AH3: =IF(ISBLANK(R3),"",ABS(R3-SUMIFS($R$2:$R$205,$A$2:$A$205,$A3,$B$2:$B$205,$B3,$C$2:$C$205,100))) | AI3: =IF(ISBLANK(S3),"",ABS(S3-SUMIFS($S$2:$S$205,$A$2:$A$205,$A3,$B$2:$B$205,$B3,$C$2:$C$205,100))) | AJ3: =MAX(V3:AI3) -> 0.098981459
A4: He | B4: Midpoint | C4: 15 | D4: -2.9446996 | E4: -0.083140016 | F4: -0.98503744 | T4: =ABS(D4-SUMIFS($D$2:$D$205,$A$2:$A$205,$A4,$B$2:$B$205,$B4,$C$2:$C$205,100)) -> 0.00010077465 | U4: =ABS(E4-SUMIFS($E$2:$E$205,$A$2:$A$205,$A4,$B$2:$B$205,$B4,$C$2:$C$205,100)) -> 0.0001080004 | V4: =IF(ISBLANK(F4),"",ABS(F4-SUMIFS($F$2:$F$205,$A$2:$A$205,$A4,$B$2:$B$205,$B4,$C$2:$C$205,100))) -> 0.083753092 | W4: =IF(ISBLANK(G4),"",ABS(G4-SUMIFS($G$2:$G$205,$A$2:$A$205,$A4,$B$2:$B$205,$B4,$C$2:$C$205,100))) | X4: =IF(ISBLANK(H4),"",ABS(H4-SUMIFS($H$2:$H$205,$A$2:$A$205,$A4,$B$2:$B$205,$B4,$C$2:$C$205,100))) | Y4: =IF(ISBLANK(I4),"",ABS(I4-SUMIFS($I$2:$I$205,$A$2:$A$205,$A4,$B$2:$B$205,$B4,$C$2:$C$205,100))) | Z4: =IF(ISBLANK(J4),"",ABS(J4-SUMIFS($J$2:$J$205,$A$2:$A$205,$A4,$B$2:$B$205,$B4,$C$2:$C$205,100))) | AA4: =IF(ISBLANK(K4),"",ABS(K4-SUMIFS($K$2:$K$205,$A$2:$A$205,$A4,$B$2:$B$205,$B4,$C$2:$C$205,100))) | AB4: =IF(ISBLANK(L4),"",ABS(L4-SUMIFS($L$2:$L$205,$A$2:$A$205,$A4,$B$2:$B$205,$B4,$C$2:$C$205,100))) | AC4: =IF(ISBLANK(M4),"",ABS(M4-SUMIFS($M$2:$M$205,$A$2:$A$205,$A4,$B$2:$B$205,$B4,$C$2:$C$205,100))) | AD4: =IF(ISBLANK(N4),"",ABS(N4-SUMIFS($N$2:$N$205,$A$2:$A$205,$A4,$B$2:$B$205,$B4,$C$2:$C$205,100))) | AE4: =IF(ISBLANK(O4),"",ABS(O4-SUMIFS($O$2:$O$205,$A$2:$A$205,$A4,$B$2:$B$205,$B4,$C$2:$C$205,100))) | AF4: =IF(ISBLANK(P4),"",ABS(P4-SUMIFS($P$2:$P$205,$A$2:$A$205,$A4,$B$2:$B$205,$B4,$C$2:$C$205,100))) | AG4: =IF(ISBLANK(Q4),"",ABS(Q4-SUMIFS($Q$2:$Q$205,$A$2:$A$205,$A4,$B$2:$B$205,$B4,$C$2:$C$205,100))) | AH4: =IF(ISBLANK(R4),"",ABS(R4-SUMIFS($R$2:$R$205,$A$2:$A$205,$A4,$B$2:$B$205,$B4,$C$2:$C$205,100))) | AI4: =IF(ISBLANK(S4),"",ABS(S4-SUMIFS($S$2:$S$205,$A$2:$A$205,$A4,$B$2:$B$205,$B4,$C$2:$C$205,100))) | AJ4: =MAX(V4:AI4) -> 0.083753092
A5: He | B5: Midpoint | C5: 20 | D5: -2.9447921 | E5: -0.083237004 | F5: -1.0560708 | T5: =ABS(D5-SUMIFS($D$2:$D$205,$A$2:$A$205,$A5,$B$2:$B$205,$B5,$C$2:$C$205,100)) -> 8.3221154e-06 | U5: =ABS(E5-SUMIFS($E$2:$E$205,$A$2:$A$205,$A5,$B$2:$B$205,$B5,$C$2:$C$205,100)) -> 1.1012191e-05 | V5: =IF(ISBLANK(F5),"",ABS(F5-SUMIFS($F$2:$F$205,$A$2:$A$205,$A5,$B$2:$B$205,$B5,$C$2:$C$205,100))) -> 0.15478642 | W5: =IF(ISBLANK(G5),"",ABS(G5-SUMIFS($G$2:$G$205,$A$2:$A$205,$A5,$B$2:$B$205,$B5,$C$2:$C$205,100))) | X5: =IF(ISBLANK(H5),"",ABS(H5-SUMIFS($H$2:$H$205,$A$2:$A$205,$A5,$B$2:$B$205,$B5,$C$2:$C$205,100))) | Y5: =IF(ISBLANK(I5),"",ABS(I5-SUMIFS($I$2:$I$205,$A$2:$A$205,$A5,$B$2:$B$205,$B5,$C$2:$C$205,100))) | Z5: =IF(ISBLANK(J5),"",ABS(J5-SUMIFS($J$2:$J$205,$A$2:$A$205,$A5,$B$2:$B$205,$B5,$C$2:$C$205,100))) | AA5: =IF(ISBLANK(K5),"",ABS(K5-SUMIFS($K$2:$K$205,$A$2:$A$205,$A5,$B$2:$B$205,$B5,$C$2:$C$205,100))) | AB5: =IF(ISBLANK(L5),"",ABS(L5-SUMIFS($L$2:$L$205,$A$2:$A$205,$A5,$B$2:$B$205,$B5,$C$2:$C$205,100))) | AC5: =IF(ISBLANK(M5),"",ABS(M5-SUMIFS($M$2:$M$205,$A$2:$A$205,$A5,$B$2:$B$205,$B5,$C$2:$C$205,100))) | AD5: =IF(ISBLANK(N5),"",ABS(N5-SUMIFS($N$2:$N$205,$A$2:$A$205,$A5,$B$2:$B$205,$B5,$C$2:$C$205,100))) | AE5: =IF(ISBLANK(O5),"",ABS(O5-SUMIFS($O$2:$O$205,$A$2:$A$205,$A5,$B$2:$B$205,$B5,$C$2:$C$205,100))) | AF5: =IF(ISBLANK(P5),"",ABS(P5-SUMIFS($P$2:$P$205,$A$2:$A$205,$A5,$B$2:$B$205,$B5,$C$2:$C$205,100))) | AG5: =IF(ISBLANK(Q5),"",ABS(Q5-SUMIFS($Q$2:$Q$205,$A$2:$A$205,$A5,$B$2:$B$205,$B5,$C$2:$C$205,100))) | AH5: =IF(ISBLANK(R5),"",ABS(R5-SUMIFS($R$2:$R$205,$A$2:$A$205,$A5,$B$2:$B$205,$B5,$C$2:$C$205,100))) | AI5: =IF(ISBLANK(S5),"",ABS(S5-SUMIFS($S$2:$S$205,$A$2:$A$205,$A5,$B$2:$B$205,$B5,$C$2:$C$205,100))) | AJ5: =MAX(V5:AI5) -> 0.15478642
A6: He | B6: Midpoint | C6: 30 | D6: -2.9448003 | E6: -0.083247938 | F6: -0.99101219 | T6: =ABS(D6-SUMIFS($D$2:$D$205,$A$2:$A$205,$A6,$B$2:$B$205,$B6,$C$2:$C$205,100)) -> 3.4250202e-08 | U6: =ABS(E6-SUMIFS($E$2:$E$205,$A$2:$A$205,$A6,$B$2:$B$205,$B6,$C$2:$C$205,100)) -> 7.8172444e-08 | V6: =IF(ISBLANK(F6),"",ABS(F6-SUMIFS($F$2:$F$205,$A$2:$A$205,$A6,$B$2:$B$205,$B6,$C$2:$C$205,100))) -> 0.089727844 | W6: =IF(ISBLANK(G6),"",ABS(G6-SUMIFS($G$2:$G$205,$A$2:$A$205,$A6,$B$2:$B$205,$B6,$C$2:$C$205,100))) | X6: =IF(ISBLANK(H6),"",ABS(H6-SUMIFS($H$2:$H$205,$A$2:$A$205,$A6,$B$2:$B$205,$B6,$C$2:$C$205,100))) | Y6: =IF(ISBLANK(I6),"",ABS(I6-SUMIFS($I$2:$I$205,$A$2:$A$205,$A6,$B$2:$B$205,$B6,$C$2:$C$205,100))) | Z6: =IF(ISBLANK(J6),"",ABS(J6-SUMIFS($J$2:$J$205,$A$2:$A$205,$A6,$B$2:$B$205,$B6,$C$2:$C$205,100))) | AA6: =IF(ISBLANK(K6),"",ABS(K6-SUMIFS($K$2:$K$205,$A$2:$A$205,$A6,$B$2:$B$205,$B6,$C$2:$C$205,100))) | AB6: =IF(ISBLANK(L6),"",ABS(L6-SUMIFS($L$2:$L$205,$A$2:$A$205,$A6,$B$2:$B$205,$B6,$C$2:$C$205,100))) | AC6: =IF(ISBLANK(M6),"",ABS(M6-SUMIFS($M$2:$M$205,$A$2:$A$205,$A6,$B$2:$B$205,$B6,$C$2:$C$205,100))) | AD6: =IF(ISBLANK(N6),"",ABS(N6-SUMIFS($N$2:$N$205,$A$2:$A$205,$A6,$B$2:$B$205,$B6,$C$2:$C$205,100))) | AE6: =IF(ISBLANK(O6),"",ABS(O6-SUMIFS($O$2:$O$205,$A$2:$A$205,$A6,$B$2:$B$205,$B6,$C$2:$C$205,100))) | AF6: =IF(ISBLANK(P6),"",ABS(P6-SUMIFS($P$2:$P$205,$A$2:$A$205,$A6,$B$2:$B$205,$B6,$C$2:$C$205,100))) | AG6: =IF(ISBLANK(Q6),"",ABS(Q6-SUMIFS($Q$2:$Q$205,$A$2:$A$205,$A6,$B$2:$B$205,$B6,$C$2:$C$205,100))) | AH6: =IF(ISBLANK(R6),"",ABS(R6-SUMIFS($R$2:$R$205,$A$2:$A$205,$A6,$B$2:$B$205,$B6,$C$2:$C$205,100))) | AI6: =IF(ISBLANK(S6),"",ABS(S6-SUMIFS($S$2:$S$205,$A$2:$A$205,$A6,$B$2:$B$205,$B6,$C$2:$C$205,100))) | AJ6: =MAX(V6:AI6) -> 0.089727844
A7: He | B7: Midpoint | C7: 50 | D7: -2.9448004 | E7: -0.083248016 | F7: -0.9012539 | T7: =ABS(D7-SUMIFS($D$2:$D$205,$A$2:$A$205,$A7,$B$2:$B$205,$B7,$C$2:$C$205,100)) -> 8.0069285e-13 | U7: =ABS(E7-SUMIFS($E$2:$E$205,$A$2:$A$205,$A7,$B$2:$B$205,$B7,$C$2:$C$205,100)) -> 3.8424125e-12 | V7: =IF(ISBLANK(F7),"",ABS(F7-SUMIFS($F$2:$F$205,$A$2:$A$205,$A7,$B$2:$B$205,$B7,$C$2:$C$205,100))) -> 3.0444485e-05 | W7: =IF(ISBLANK(G7),"",ABS(G7-SUMIFS($G$2:$G$205,$A$2:$A$205,$A7,$B$2:$B$205,$B7,$C$2:$C$205,100))) | X7: =IF(ISBLANK(H7),"",ABS(H7-SUMIFS($H$2:$H$205,$A$2:$A$205,$A7,$B$2:$B$205,$B7,$C$2:$C$205,100))) | Y7: =IF(ISBLANK(I7),"",ABS(I7-SUMIFS($I$2:$I$205,$A$2:$A$205,$A7,$B$2:$B$205,$B7,$C$2:$C$205,100))) | Z7: =IF(ISBLANK(J7),"",ABS(J7-SUMIFS($J$2:$J$205,$A$2:$A$205,$A7,$B$2:$B$205,$B7,$C$2:$C$205,100))) | AA7: =IF(ISBLANK(K7),"",ABS(K7-SUMIFS($K$2:$K$205,$A$2:$A$205,$A7,$B$2:$B$205,$B7,$C$2:$C$205,100))) | AB7: =IF(ISBLANK(L7),"",ABS(L7-SUMIFS($L$2:$L$205,$A$2:$A$205,$A7,$B$2:$B$205,$B7,$C$2:$C$205,100))) | AC7: =IF(ISBLANK(M7),"",ABS(M7-SUMIFS($M$2:$M$205,$A$2:$A$205,$A7,$B$2:$B$205,$B7,$C$2:$C$205,100))) | AD7: =IF(ISBLANK(N7),"",ABS(N7-SUMIFS($N$2:$N$205,$A$2:$A$205,$A7,$B$2:$B$205,$B7,$C$2:$C$205,100))) | AE7: =IF(ISBLANK(O7),"",ABS(O7-SUMIFS($O$2:$O$205,$A$2:$A$205,$A7,$B$2:$B$205,$B7,$C$2:$C$205,100))) | AF7: =IF(ISBLANK(P7),"",ABS(P7-SUMIFS($P$2:$P$205,$A$2:$A$205,$A7,$B$2:$B$205,$B7,$C$2:$C$205,100))) | AG7: =IF(ISBLANK(Q7),"",ABS(Q7-SUMIFS($Q$2:$Q$205,$A$2:$A$205,$A7,$B$2:$B$205,$B7,$C$2:$C$205,100))) | AH7: =IF(ISBLANK(R7),"",ABS(R7-SUMIFS($R$2:$R$205,$A$2:$A$205,$A7,$B$2:$B$205,$B7,$C$2:$C$205,100))) | AI7: =IF(ISBLANK(S7),"",ABS(S7-SUMIFS($S$2:$S$205,$A$2:$A$205,$A7,$B$2:$B$205,$B7,$C$2:$C$205,100))) | AJ7: =MAX(V7:AI7) -> 3.0444485e-05
A8: He | B8: Midpoint | C8: 80 | D8: -2.9448004 | E8: -0.083248016 | F8: -0.90128435 | T8: =ABS(D8-SUMIFS($D$2:$D$205,$A$2:$A$205,$A8,$B$2:$B$205,$B8,$C$2:$C$205,100)) -> 1.5987212e-14 | U8: =ABS(E8-SUMIFS($E$2:$E$205,$A$2:$A$205,$A8,$B$2:$B$205,$B8,$C$2:$C$205,100)) -> 5.9674488e-15 | V8: =IF(ISBLANK(F8),"",ABS(F8-SUMIFS($F$2:$F$205,$A$2:$A$205,$A8,$B$2:$B$205,$B8,$C$2:$C$205,100))) -> 5.4668714e-10 | W8: =IF(ISBLANK(G8),"",ABS(G8-SUMIFS($G$2:$G$205,$A$2:$A$205,$A8,$B$2:$B$205,$B8,$C$2:$C$205,100))) | X8: =IF(ISBLANK(H8),"",ABS(H8-SUMIFS($H$2:$H$205,$A$2:$A$205,$A8,$B$2:$B$205,$B8,$C$2:$C$205,100))) | Y8: =IF(ISBLANK(I8),"",ABS(I8-SUMIFS($I$2:$I$205,$A$2:$A$205,$A8,$B$2:$B$205,$B8,$C$2:$C$205,100))) | Z8: =IF(ISBLANK(J8),"",ABS(J8-SUMIFS($J$2:$J$205,$A$2:$A$205,$A8,$B$2:$B$205,$B8,$C$2:$C$205,100))) | AA8: =IF(ISBLANK(K8),"",ABS(K8-SUMIFS($K$2:$K$205,$A$2:$A$205,$A8,$B$2:$B$205,$B8,$C$2:$C$205,100))) | AB8: =IF(ISBLANK(L8),"",ABS(L8-SUMIFS($L$2:$L$205,$A$2:$A$205,$A8,$B$2:$B$205,$B8,$C$2:$C$205,100))) | AC8: =IF(ISBLANK(M8),"",ABS(M8-SUMIFS($M$2:$M$205,$A$2:$A$205,$A8,$B$2:$B$205,$B8,$C$2:$C$205,100))) | AD8: =IF(ISBLANK(N8),"",ABS(N8-SUMIFS($N$2:$N$205,$A$2:$A$205,$A8,$B$2:$B$205,$B8,$C$2:$C$205,100))) | AE8: =IF(ISBLANK(O8),"",ABS(O8-SUMIFS($O$2:$O$205,$A$2:$A$205,$A8,$B$2:$B$205,$B8,$C$2:$C$205,100))) | AF8: =IF(ISBLANK(P8),"",ABS(P8-SUMIFS($P$2:$P$205,$A$2:$A$205,$A8,$B$2:$B$205,$B8,$C$2:$C$205,100))) | AG8: =IF(ISBLANK(Q8),"",ABS(Q8-SUMIFS($Q$2:$Q$205,$A$2:$A$205,$A8,$B$2:$B$205,$B8,$C$2:$C$205,100))) | AH8: =IF(ISBLANK(R8),"",ABS(R8-SUMIFS($R$2:$R$205,$A$2:$A$205,$A8,$B$2:$B$205,$B8,$C$2:$C$205,100))) | AI8: =IF(ISBLANK(S8),"",ABS(S8-SUMIFS($S$2:$S$205,$A$2:$A$205,$A8,$B$2:$B$205,$B8,$C$2:$C$205,100))) | AJ8: =MAX(V8:AI8) -> 5.4668714e-10
A9: He | B9: Midpoint | C9: 100 | D9: -2.9448004 | E9: -0.083248016 | F9: -0.90128435 | T9: =ABS(D9-SUMIFS($D$2:$D$205,$A$2:$A$205,$A9,$B$2:$B$205,$B9,$C$2:$C$205,100)) -> 0 | U9: =ABS(E9-SUMIFS($E$2:$E$205,$A$2:$A$205,$A9,$B$2:$B$205,$B9,$C$2:$C$205,100)) -> 0 | V9: =IF(ISBLANK(F9),"",ABS(F9-SUMIFS($F$2:$F$205,$A$2:$A$205,$A9,$B$2:$B$205,$B9,$C$2:$C$205,100))) -> 0 | W9: =IF(ISBLANK(G9),"",ABS(G9-SUMIFS($G$2:$G$205,$A$2:$A$205,$A9,$B$2:$B$205,$B9,$C$2:$C$205,100))) | X9: =IF(ISBLANK(H9),"",ABS(H9-SUMIFS($H$2:$H$205,$A$2:$A$205,$A9,$B$2:$B$205,$B9,$C$2:$C$205,100))) | Y9: =IF(ISBLANK(I9),"",ABS(I9-SUMIFS($I$2:$I$205,$A$2:$A$205,$A9,$B$2:$B$205,$B9,$C$2:$C$205,100))) | Z9: =IF(ISBLANK(J9),"",ABS(J9-SUMIFS($J$2:$J$205,$A$2:$A$205,$A9,$B$2:$B$205,$B9,$C$2:$C$205,100))) | AA9: =IF(ISBLANK(K9),"",ABS(K9-SUMIFS($K$2:$K$205,$A$2:$A$205,$A9,$B$2:$B$205,$B9,$C$2:$C$205,100))) | AB9: =IF(ISBLANK(L9),"",ABS(L9-SUMIFS($L$2:$L$205,$A$2:$A$205,$A9,$B$2:$B$205,$B9,$C$2:$C$205,100))) | AC9: =IF(ISBLANK(M9),"",ABS(M9-SUMIFS($M$2:$M$205,$A$2:$A$205,$A9,$B$2:$B$205,$B9,$C$2:$C$205,100))) | AD9: =IF(ISBLANK(N9),"",ABS(N9-SUMIFS($N$2:$N$205,$A$2:$A$205,$A9,$B$2:$B$205,$B9,$C$2:$C$205,100))) | AE9: =IF(ISBLANK(O9),"",ABS(O9-SUMIFS($O$2:$O$205,$A$2:$A$205,$A9,$B$2:$B$205,$B9,$C$2:$C$205,100))) | AF9: =IF(ISBLANK(P9),"",ABS(P9-SUMIFS($P$2:$P$205,$A$2:$A$205,$A9,$B$2:$B$205,$B9,$C$2:$C$205,100))) | AG9: =IF(ISBLANK(Q9),"",ABS(Q9-SUMIFS($Q$2:$Q$205,$A$2:$A$205,$A9,$B$2:$B$205,$B9,$C$2:$C$205,100))) | AH9: =IF(ISBLANK(R9),"",ABS(R9-SUMIFS($R$2:$R$205,$A$2:$A$205,$A9,$B$2:$B$205,$B9,$C$2:$C$205,100))) | AI9: =IF(ISBLANK(S9),"",ABS(S9-SUMIFS($S$2:$S$205,$A$2:$A$205,$A9,$B$2:$B$205,$B9,$C$2:$C$205,100))) | AJ9: =MAX(V9:AI9) -> 0
A10: He | B10: Trapezoidal | C10: 5 | D10: 28524.887 | E10: -0.41943629 | F10: -2.0668795e+13 | T10: =ABS(D10-SUMIFS($D$2:$D$205,$A$2:$A$205,$A10,$B$2:$B$205,$B10,$C$2:$C$205,100)) -> 28527.832 | U10: =ABS(E10-SUMIFS($E$2:$E$205,$A$2:$A$205,$A10,$B$2:$B$205,$B10,$C$2:$C$205,100)) -> 0.33618827 | V10: =IF(ISBLANK(F10),"",ABS(F10-SUMIFS($F$2:$F$205,$A$2:$A$205,$A10,$B$2:$B$205,$B10,$C$2:$C$205,100))) -> 2.0668795e+13 | W10: =IF(ISBLANK(G10),"",ABS(G10-SUMIFS($G$2:$G$205,$A$2:$A$205,$A10,$B$2:$B$205,$B10,$C$2:$C$205,100))) | X10: =IF(ISBLANK(H10),"",ABS(H10-SUMIFS($H$2:$H$205,$A$2:$A$205,$A10,$B$2:$B$205,$B10,$C$2:$C$205,100))) | Y10: =IF(ISBLANK(I10),"",ABS(I10-SUMIFS($I$2:$I$205,$A$2:$A$205,$A10,$B$2:$B$205,$B10,$C$2:$C$205,100))) | Z10: =IF(ISBLANK(J10),"",ABS(J10-SUMIFS($J$2:$J$205,$A$2:$A$205,$A10,$B$2:$B$205,$B10,$C$2:$C$205,100))) | AA10: =IF(ISBLANK(K10),"",ABS(K10-SUMIFS($K$2:$K$205,$A$2:$A$205,$A10,$B$2:$B$205,$B10,$C$2:$C$205,100))) | AB10: =IF(ISBLANK(L10),"",ABS(L10-SUMIFS($L$2:$L$205,$A$2:$A$205,$A10,$B$2:$B$205,$B10,$C$2:$C$205,100))) | AC10: =IF(ISBLANK(M10),"",ABS(M10-SUMIFS($M$2:$M$205,$A$2:$A$205,$A10,$B$2:$B$205,$B10,$C$2:$C$205,100))) | AD10: =IF(ISBLANK(N10),"",ABS(N10-SUMIFS($N$2:$N$205,$A$2:$A$205,$A10,$B$2:$B$205,$B10,$C$2:$C$205,100))) | AE10: =IF(ISBLANK(O10),"",ABS(O10-SUMIFS($O$2:$O$205,$A$2:$A$205,$A10,$B$2:$B$205,$B10,$C$2:$C$205,100))) | AF10: =IF(ISBLANK(P10),"",ABS(P10-SUMIFS($P$2:$P$205,$A$2:$A$205,$A10,$B$2:$B$205,$B10,$C$2:$C$205,100))) | AG10: =IF(ISBLANK(Q10),"",ABS(Q10-SUMIFS($Q$2:$Q$205,$A$2:$A$205,$A10,$B$2:$B$205,$B10,$C$2:$C$205,100))) | AH10: =IF(ISBLANK(R10),"",ABS(R10-SUMIFS($R$2:$R$205,$A$2:$A$205,$A10,$B$2:$B$205,$B10,$C$2:$C$205,100))) | AI10: =IF(ISBLANK(S10),"",ABS(S10-SUMIFS($S$2:$S$205,$A$2:$A$205,$A10,$B$2:$B$205,$B10,$C$2:$C$205,100))) | AJ10: =MAX(V10:AI10) -> 2.0668795e+13
A11: He | B11: Trapezoidal | C11: 10 | D11: -2.9439203 | E11: -0.082453201 | F11: -0.51030552 | T11: =ABS(D11-SUMIFS($D$2:$D$205,$A$2:$A$205,$A11,$B$2:$B$205,$B11,$C$2:$C$205,100)) -> 0.00088005594 | U11: =ABS(E11-SUMIFS($E$2:$E$205,$A$2:$A$205,$A11,$B$2:$B$205,$B11,$C$2:$C$205,100)) -> 0.00079481501 | V11: =IF(ISBLANK(F11),"",ABS(F11-SUMIFS($F$2:$F$205,$A$2:$A$205,$A11,$B$2:$B$205,$B11,$C$2:$C$205,100))) -> 0.39097882 | W11: =IF(ISBLANK(G11),"",ABS(G11-SUMIFS($G$2:$G$205,$A$2:$A$205,$A11,$B$2:$B$205,$B11,$C$2:$C$205,100))) | X11: =IF(ISBLANK(H11),"",ABS(H11-SUMIFS($H$2:$H$205,$A$2:$A$205,$A11,$B$2:$B$205,$B11,$C$2:$C$205,100))) | Y11: =IF(ISBLANK(I11),"",ABS(I11-SUMIFS($I$2:$I$205,$A$2:$A$205,$A11,$B$2:$B$205,$B11,$C$2:$C$205,100))) | Z11: =IF(ISBLANK(J11),"",ABS(J11-SUMIFS($J$2:$J$205,$A$2:$A$205,$A11,$B$2:$B$205,$B11,$C$2:$C$205,100))) | AA11: =IF(ISBLANK(K11),"",ABS(K11-SUMIFS($K$2:$K$205,$A$2:$A$205,$A11,$B$2:$B$205,$B11,$C$2:$C$205,100))) | AB11: =IF(ISBLANK(L11),"",ABS(L11-SUMIFS($L$2:$L$205,$A$2:$A$205,$A11,$B$2:$B$205,$B11,$C$2:$C$205,100))) | AC11: =IF(ISBLANK(M11),"",ABS(M11-SUMIFS($M$2:$M$205,$A$2:$A$205,$A11,$B$2:$B$205,$B11,$C$2:$C$205,100))) | AD11: =IF(ISBLANK(N11),"",ABS(N11-SUMIFS($N$2:$N$205,$A$2:$A$205,$A11,$B$2:$B$205,$B11,$C$2:$C$205,100))) | AE11: =IF(ISBLANK(O11),"",ABS(O11-SUMIFS($O$2:$O$205,$A$2:$A$205,$A11,$B$2:$B$205,$B11,$C$2:$C$205,100))) | AF11: =IF(ISBLANK(P11),"",ABS(P11-SUMIFS($P$2:$P$205,$A$2:$A$205,$A11,$B$2:$B$205,$B11,$C$2:$C$205,100))) | AG11: =IF(ISBLANK(Q11),"",ABS(Q11-SUMIFS($Q$2:$Q$205,$A$2:$A$205,$A11,$B$2:$B$205,$B11,$C$2:$C$205,100))) | AH11: =IF(ISBLANK(R11),"",ABS(R11-SUMIFS($R$2:$R$205,$A$2:$A$205,$A11,$B$2:$B$205,$B11,$C$2:$C$205,100))) | AI11: =IF(ISBLANK(S11),"",ABS(S11-SUMIFS($S$2:$S$205,$A$2:$A$205,$A11,$B$2:$B$205,$B11,$C$2:$C$205,100))) | AJ11: =MAX(V11:AI11) -> 0.39097882
A12: He | B12: Trapezoidal | C12: 15 | D12: -2.9447731 | E12: -0.083226639 | F12: -0.64457755 | T12: =ABS(D12-SUMIFS($D$2:$D$205,$A$2:$A$205,$A12,$B$2:$B$205,$B12,$C$2:$C$205,100)) -> 2.728028e-05 | U12: =ABS(E12-SUMIFS($E$2:$E$205,$A$2:$A$205,$A12,$B$2:$B$205,$B12,$C$2:$C$205,100)) -> 2.1377196e-05 | V12: =IF(ISBLANK(F12),"",ABS(F12-SUMIFS($F$2:$F$205,$A$2:$A$205,$A12,$B$2:$B$205,$B12,$C$2:$C$205,100))) -> 0.25670679 | W12: =IF(ISBLANK(G12),"",ABS(G12-SUMIFS($G$2:$G$205,$A$2:$A$205,$A12,$B$2:$B$205,$B12,$C$2:$C$205,100))) | X12: =IF(ISBLANK(H12),"",ABS(H12-SUMIFS($H$2:$H$205,$A$2:$A$205,$A12,$B$2:$B$205,$B12,$C$2:$C$205,100))) | Y12: =IF(ISBLANK(I12),"",ABS(I12-SUMIFS($I$2:$I$205,$A$2:$A$205,$A12,$B$2:$B$205,$B12,$C$2:$C$205,100))) | Z12: =IF(ISBLANK(J12),"",ABS(J12-SUMIFS($J$2:$J$205,$A$2:$A$205,$A12,$B$2:$B$205,$B12,$C$2:$C$205,100))) | AA12: =IF(ISBLANK(K12),"",ABS(K12-SUMIFS($K$2:$K$205,$A$2:$A$205,$A12,$B$2:$B$205,$B12,$C$2:$C$205,100))) | AB12: =IF(ISBLANK(L12),"",ABS(L12-SUMIFS($L$2:$L$205,$A$2:$A$205,$A12,$B$2:$B$205,$B12,$C$2:$C$205,100))) | AC12: =IF(ISBLANK(M12),"",ABS(M12-SUMIFS($M$2:$M$205,$A$2:$A$205,$A12,$B$2:$B$205,$B12,$C$2:$C$205,100))) | AD12: =IF(ISBLANK(N12),"",ABS(N12-SUMIFS($N$2:$N$205,$A$2:$A$205,$A12,$B$2:$B$205,$B12,$C$2:$C$205,100))) | AE12: =IF(ISBLANK(O12),"",ABS(O12-SUMIFS($O$2:$O$205,$A$2:$A$205,$A12,$B$2:$B$205,$B12,$C$2:$C$205,100))) | AF12: =IF(ISBLANK(P12),"",ABS(P12-SUMIFS($P$2:$P$205,$A$2:$A$205,$A12,$B$2:$B$205,$B12,$C$2:$C$205,100))) | AG12: =IF(ISBLANK(Q12),"",ABS(Q12-SUMIFS($Q$2:$Q$205,$A$2:$A$205,$A12,$B$2:$B$205,$B12,$C$2:$C$205,100))) | AH12: =IF(ISBLANK(R12),"",ABS(R12-SUMIFS($R$2:$R$205,$A$2:$A$205,$A12,$B$2:$B$205,$B12,$C$2:$C$205,100))) | AI12: =IF(ISBLANK(S12),"",ABS(S12-SUMIFS($S$2:$S$205,$A$2:$A$205,$A12,$B$2:$B$205,$B12,$C$2:$C$205,100))) | AJ12: =MAX(V12:AI12) -> 0.25670679
A13: He | B13: Trapezoidal | C13: 20 | D13: -2.9447981 | E13: -0.083246697 | F13: -0.72407427 | T13: =ABS(D13-SUMIFS($D$2:$D$205,$A$2:$A$205,$A13,$B$2:$B$205,$B13,$C$2:$C$205,100)) -> 2.3026183e-06 | U13: =ABS(E13-SUMIFS($E$2:$E$205,$A$2:$A$205,$A13,$B$2:$B$205,$B13,$C$2:$C$205,100)) -> 1.3193778e-06 | V13: =IF(ISBLANK(F13),"",ABS(F13-SUMIFS($F$2:$F$205,$A$2:$A$205,$A13,$B$2:$B$205,$B13,$C$2:$C$205,100))) -> 0.17721008 | W13: =IF(ISBLANK(G13),"",ABS(G13-SUMIFS($G$2:$G$205,$A$2:$A$205,$A13,$B$2:$B$205,$B13,$C$2:$C$205,100))) | X13: =IF(ISBLANK(H13),"",ABS(H13-SUMIFS($H$2:$H$205,$A$2:$A$205,$A13,$B$2:$B$205,$B13,$C$2:$C$205,100))) | Y13: =IF(ISBLANK(I13),"",ABS(I13-SUMIFS($I$2:$I$205,$A$2:$A$205,$A13,$B$2:$B$205,$B13,$C$2:$C$205,100))) | Z13: =IF(ISBLANK(J13),"",ABS(J13-SUMIFS($J$2:$J$205,$A$2:$A$205,$A13,$B$2:$B$205,$B13,$C$2:$C$205,100))) | AA13: =IF(ISBLANK(K13),"",ABS(K13-SUMIFS($K$2:$K$205,$A$2:$A$205,$A13,$B$2:$B$205,$B13,$C$2:$C$205,100))) | AB13: =IF(ISBLANK(L13),"",ABS(L13-SUMIFS($L$2:$L$205,$A$2:$A$205,$A13,$B$2:$B$205,$B13,$C$2:$C$205,100))) | AC13: =IF(ISBLANK(M13),"",ABS(M13-SUMIFS($M$2:$M$205,$A$2:$A$205,$A13,$B$2:$B$205,$B13,$C$2:$C$205,100))) | AD13: =IF(ISBLANK(N13),"",ABS(N13-SUMIFS($N$2:$N$205,$A$2:$A$205,$A13,$B$2:$B$205,$B13,$C$2:$C$205,100))) | AE13: =IF(ISBLANK(O13),"",ABS(O13-SUMIFS($O$2:$O$205,$A$2:$A$205,$A13,$B$2:$B$205,$B13,$C$2:$C$205,100))) | AF13: =IF(ISBLANK(P13),"",ABS(P13-SUMIFS($P$2:$P$205,$A$2:$A$205,$A13,$B$2:$B$205,$B13,$C$2:$C$205,100))) | AG13: =IF(ISBLANK(Q13),"",ABS(Q13-SUMIFS($Q$2:$Q$205,$A$2:$A$205,$A13,$B$2:$B$205,$B13,$C$2:$C$205,100))) | AH13: =IF(ISBLANK(R13),"",ABS(R13-SUMIFS($R$2:$R$205,$A$2:$A$205,$A13,$B$2:$B$205,$B13,$C$2:$C$205,100))) | AI13: =IF(ISBLANK(S13),"",ABS(S13-SUMIFS($S$2:$S$205,$A$2:$A$205,$A13,$B$2:$B$205,$B13,$C$2:$C$205,100))) | AJ13: =MAX(V13:AI13) -> 0.17721008
... A41: He | B41: Algebraic | C41: 100 | D41: -2.9448004 | E41: -0.083248013 | F41: -0.90128434 | T41: =ABS(D41-SUMIFS($D$2:$D$205,$A$2:$A$205,$A41,$B$2:$B$205,$B41,$C$2:$C$205,100)) -> 0 | U41: =ABS(E41-SUMIFS($E$2:$E$205,$A$2:$A$205,$A41,$B$2:$B$205,$B41,$C$2:$C$205,100)) -> 0 | V41: =IF(ISBLANK(F41),"",ABS(F41-SUMIFS($F$2:$F$205,$A$2:$A$205,$A41,$B$2:$B$205,$B41,$C$2:$C$205,100))) -> 0 | W41: =IF(ISBLANK(G41),"",ABS(G41-SUMIFS($G$2:$G$205,$A$2:$A$205,$A41,$B$2:$B$205,$B41,$C$2:$C$205,100))) | X41: =IF(ISBLANK(H41),"",ABS(H41-SUMIFS($H$2:$H$205,$A$2:$A$205,$A41,$B$2:$B$205,$B41,$C$2:$C$205,100))) | Y41: =IF(ISBLANK(I41),"",ABS(I41-SUMIFS($I$2:$I$205,$A$2:$A$205,$A41,$B$2:$B$205,$B41,$C$2:$C$205,100))) | Z41: =IF(ISBLANK(J41),"",ABS(J41-SUMIFS($J$2:$J$205,$A$2:$A$205,$A41,$B$2:$B$205,$B41,$C$2:$C$205,100))) | AA41: =IF(ISBLANK(K41),"",ABS(K41-SUMIFS($K$2:$K$205,$A$2:$A$205,$A41,$B$2:$B$205,$B41,$C$2:$C$205,100))) | AB41: =IF(ISBLANK(L41),"",ABS(L41-SUMIFS($L$2:$L$205,$A$2:$A$205,$A41,$B$2:$B$205,$B41,$C$2:$C$205,100))) | AC41: =IF(ISBLANK(M41),"",ABS(M41-SUMIFS($M$2:$M$205,$A$2:$A$205,$A41,$B$2:$B$205,$B41,$C$2:$C$205,100))) | AD41: =IF(ISBLANK(N41),"",ABS(N41-SUMIFS($N$2:$N$205,$A$2:$A$205,$A41,$B$2:$B$205,$B41,$C$2:$C$205,100))) | AE41: =IF(ISBLANK(O41),"",ABS(O41-SUMIFS($O$2:$O$205,$A$2:$A$205,$A41,$B$2:$B$205,$B41,$C$2:$C$205,100))) | AF41: =IF(ISBLANK(P41),"",ABS(P41-SUMIFS($P$2:$P$205,$A$2:$A$205,$A41,$B$2:$B$205,$B41,$C$2:$C$205,100))) | AG41: =IF(ISBLANK(Q41),"",ABS(Q41-SUMIFS($Q$2:$Q$205,$A$2:$A$205,$A41,$B$2:$B$205,$B41,$C$2:$C$205,100))) | AH41: =IF(ISBLANK(R41),"",ABS(R41-SUMIFS($R$2:$R$205,$A$2:$A$205,$A41,$B$2:$B$205,$B41,$C$2:$C$205,100))) | AI41: =IF(ISBLANK(S41),"",ABS(S41-SUMIFS($S$2:$S$205,$A$2:$A$205,$A41,$B$2:$B$205,$B41,$C$2:$C$205,100))) | AJ41: =MAX(V41:AI41) -> 0
A42: Ar | B42: Midpoint | C42: 5 | D42: -527.74246 | E42: -0.93519083 | F42: -114.44878 | G42: -11.120646 | H42: -8.7148367 | I42: -1.1612213 | J42: -0.64846582 | T42: =ABS(D42-SUMIFS($D$2:$D$205,$A$2:$A$205,$A42,$B$2:$B$205,$B42,$C$2:$C$205,100)) -> 0.14194154 | U42: =ABS(E42-SUMIFS($E$2:$E$205,$A$2:$A$205,$A42,$B$2:$B$205,$B42,$C$2:$C$205,100)) -> 0.13864904 | V42: =IF(ISBLANK(F42),"",ABS(F42-SUMIFS($F$2:$F$205,$A$2:$A$205,$A42,$B$2:$B$205,$B42,$C$2:$C$205,100))) -> 0.025750001 | W42: =IF(ISBLANK(G42),"",ABS(G42-SUMIFS($G$2:$G$205,$A$2:$A$205,$A42,$B$2:$B$205,$B42,$C$2:$C$205,100))) -> 0.030731474 | X42: =IF(ISBLANK(H42),"",ABS(H42-SUMIFS($H$2:$H$205,$A$2:$A$205,$A42,$B$2:$B$205,$B42,$C$2:$C$205,100))) -> 0.021186975 | Y42: =IF(ISBLANK(I42),"",ABS(I42-SUMIFS($I$2:$I$205,$A$2:$A$205,$A42,$B$2:$B$205,$B42,$C$2:$C$205,100))) -> 0.065589215 | Z42: =IF(ISBLANK(J42),"",ABS(J42-SUMIFS($J$2:$J$205,$A$2:$A$205,$A42,$B$2:$B$205,$B42,$C$2:$C$205,100))) -> 0.062574213 | AA42: =IF(ISBLANK(K42),"",ABS(K42-SUMIFS($K$2:$K$205,$A$2:$A$205,$A42,$B$2:$B$205,$B42,$C$2:$C$205,100))) | AB42: =IF(ISBLANK(L42),"",ABS(L42-SUMIFS($L$2:$L$205,$A$2:$A$205,$A42,$B$2:$B$205,$B42,$C$2:$C$205,100))) | AC42: =IF(ISBLANK(M42),"",ABS(M42-SUMIFS($M$2:$M$205,$A$2:$A$205,$A42,$B$2:$B$205,$B42,$C$2:$C$205,100))) | AD42: =IF(ISBLANK(N42),"",ABS(N42-SUMIFS($N$2:$N$205,$A$2:$A$205,$A42,$B$2:$B$205,$B42,$C$2:$C$205,100))) | AE42: =IF(ISBLANK(O42),"",ABS(O42-SUMIFS($O$2:$O$205,$A$2:$A$205,$A42,$B$2:$B$205,$B42,$C$2:$C$205,100))) | AF42: =IF(ISBLANK(P42),"",ABS(P42-SUMIFS($P$2:$P$205,$A$2:$A$205,$A42,$B$2:$B$205,$B42,$C$2:$C$205,100))) | AG42: =IF(ISBLANK(Q42),"",ABS(Q42-SUMIFS($Q$2:$Q$205,$A$2:$A$205,$A42,$B$2:$B$205,$B42,$C$2:$C$205,100))) | AH42: =IF(ISBLANK(R42),"",ABS(R42-SUMIFS($R$2:$R$205,$A$2:$A$205,$A42,$B$2:$B$205,$B42,$C$2:$C$205,100))) | AI42: =IF(ISBLANK(S42),"",ABS(S42-SUMIFS($S$2:$S$205,$A$2:$A$205,$A42,$B$2:$B$205,$B42,$C$2:$C$205,100))) | AJ42: =MAX(V42:AI42) -> 0.065589215
A43: Ar | B43: Midpoint | C43: 10 | D43: -527.88127 | E43: -1.0711692 | F43: -114.52265 | G43: -11.19542 | H43: -8.7808886 | I43: -1.153362 | J43: -0.64311047 | T43: =ABS(D43-SUMIFS($D$2:$D$205,$A$2:$A$205,$A43,$B$2:$B$205,$B43,$C$2:$C$205,100)) -> 0.0031362855 | U43: =ABS(E43-SUMIFS($E$2:$E$205,$A$2:$A$205,$A43,$B$2:$B$205,$B43,$C$2:$C$205,100)) -> 0.0026707077 | V43: =IF(ISBLANK(F43),"",ABS(F43-SUMIFS($F$2:$F$205,$A$2:$A$205,$A43,$B$2:$B$205,$B43,$C$2:$C$205,100))) -> 0.048111738 | W43: =IF(ISBLANK(G43),"",ABS(G43-SUMIFS($G$2:$G$205,$A$2:$A$205,$A43,$B$2:$B$205,$B43,$C$2:$C$205,100))) -> 0.044043239 | X43: =IF(ISBLANK(H43),"",ABS(H43-SUMIFS($H$2:$H$205,$A$2:$A$205,$A43,$B$2:$B$205,$B43,$C$2:$C$205,100))) -> 0.044864843 | Y43: =IF(ISBLANK(I43),"",ABS(I43-SUMIFS($I$2:$I$205,$A$2:$A$205,$A43,$B$2:$B$205,$B43,$C$2:$C$205,100))) -> 0.057729953 | Z43: =IF(ISBLANK(J43),"",ABS(J43-SUMIFS($J$2:$J$205,$A$2:$A$205,$A43,$B$2:$B$205,$B43,$C$2:$C$205,100))) -> 0.057218856 | AA43: =IF(ISBLANK(K43),"",ABS(K43-SUMIFS($K$2:$K$205,$A$2:$A$205,$A43,$B$2:$B$205,$B43,$C$2:$C$205,100))) | AB43: =IF(ISBLANK(L43),"",ABS(L43-SUMIFS($L$2:$L$205,$A$2:$A$205,$A43,$B$2:$B$205,$B43,$C$2:$C$205,100))) | AC43: =IF(ISBLANK(M43),"",ABS(M43-SUMIFS($M$2:$M$205,$A$2:$A$205,$A43,$B$2:$B$205,$B43,$C$2:$C$205,100))) | AD43: =IF(ISBLANK(N43),"",ABS(N43-SUMIFS($N$2:$N$205,$A$2:$A$205,$A43,$B$2:$B$205,$B43,$C$2:$C$205,100))) | AE43: =IF(ISBLANK(O43),"",ABS(O43-SUMIFS($O$2:$O$205,$A$2:$A$205,$A43,$B$2:$B$205,$B43,$C$2:$C$205,100))) | AF43: =IF(ISBLANK(P43),"",ABS(P43-SUMIFS($P$2:$P$205,$A$2:$A$205,$A43,$B$2:$B$205,$B43,$C$2:$C$205,100))) | AG43: =IF(ISBLANK(Q43),"",ABS(Q43-SUMIFS($Q$2:$Q$205,$A$2:$A$205,$A43,$B$2:$B$205,$B43,$C$2:$C$205,100))) | AH43: =IF(ISBLANK(R43),"",ABS(R43-SUMIFS($R$2:$R$205,$A$2:$A$205,$A43,$B$2:$B$205,$B43,$C$2:$C$205,100))) | AI43: =IF(ISBLANK(S43),"",ABS(S43-SUMIFS($S$2:$S$205,$A$2:$A$205,$A43,$B$2:$B$205,$B43,$C$2:$C$205,100))) | AJ43: =MAX(V43:AI43) -> 0.057729953
A44: Ar | B44: Midpoint | C44: 15 | D44: -527.88416 | E44: -1.0736067 | F44: -114.57536 | G44: -11.252555 | H44: -8.8371075 | I44: -1.1981351 | J44: -0.68841577 | T44: =ABS(D44-SUMIFS($D$2:$D$205,$A$2:$A$205,$A44,$B$2:$B$205,$B44,$C$2:$C$205,100)) -> 0.00024118199 | U44: =ABS(E44-SUMIFS($E$2:$E$205,$A$2:$A$205,$A44,$B$2:$B$205,$B44,$C$2:$C$205,100)) -> 0.00023314907 | V44: =IF(ISBLANK(F44),"",ABS(F44-SUMIFS($F$2:$F$205,$A$2:$A$205,$A44,$B$2:$B$205,$B44,$C$2:$C$205,100))) -> 0.10082138 | W44: =IF(ISBLANK(G44),"",ABS(G44-SUMIFS($G$2:$G$205,$A$2:$A$205,$A44,$B$2:$B$205,$B44,$C$2:$C$205,100))) -> 0.10117818 | X44: =IF(ISBLANK(H44),"",ABS(H44-SUMIFS($H$2:$H$205,$A$2:$A$205,$A44,$B$2:$B$205,$B44,$C$2:$C$205,100))) -> 0.10108379 | Y44: =IF(ISBLANK(I44),"",ABS(I44-SUMIFS($I$2:$I$205,$A$2:$A$205,$A44,$B$2:$B$205,$B44,$C$2:$C$205,100))) -> 0.10250298 | Z44: =IF(ISBLANK(J44),"",ABS(J44-SUMIFS($J$2:$J$205,$A$2:$A$205,$A44,$B$2:$B$205,$B44,$C$2:$C$205,100))) -> 0.10252416 | AA44: =IF(ISBLANK(K44),"",ABS(K44-SUMIFS($K$2:$K$205,$A$2:$A$205,$A44,$B$2:$B$205,$B44,$C$2:$C$205,100))) | AB44: =IF(ISBLANK(L44),"",ABS(L44-SUMIFS($L$2:$L$205,$A$2:$A$205,$A44,$B$2:$B$205,$B44,$C$2:$C$205,100))) | AC44: =IF(ISBLANK(M44),"",ABS(M44-SUMIFS($M$2:$M$205,$A$2:$A$205,$A44,$B$2:$B$205,$B44,$C$2:$C$205,100))) | AD44: =IF(ISBLANK(N44),"",ABS(N44-SUMIFS($N$2:$N$205,$A$2:$A$205,$A44,$B$2:$B$205,$B44,$C$2:$C$205,100))) | AE44: =IF(ISBLANK(O44),"",ABS(O44-SUMIFS($O$2:$O$205,$A$2:$A$205,$A44,$B$2:$B$205,$B44,$C$2:$C$205,100))) | AF44: =IF(ISBLANK(P44),"",ABS(P44-SUMIFS($P$2:$P$205,$A$2:$A$205,$A44,$B$2:$B$205,$B44,$C$2:$C$205,100))) | AG44: =IF(ISBLANK(Q44),"",ABS(Q44-SUMIFS($Q$2:$Q$205,$A$2:$A$205,$A44,$B$2:$B$205,$B44,$C$2:$C$205,100))) | AH44: =IF(ISBLANK(R44),"",ABS(R44-SUMIFS($R$2:$R$205,$A$2:$A$205,$A44,$B$2:$B$205,$B44,$C$2:$C$205,100))) | AI44: =IF(ISBLANK(S44),"",ABS(S44-SUMIFS($S$2:$S$205,$A$2:$A$205,$A44,$B$2:$B$205,$B44,$C$2:$C$205,100))) | AJ44: =MAX(V44:AI44) -> 0.10252416
A45: Ar | B45: Midpoint | C45: 20 | D45: -527.88438 | E45: -1.0738187 | F45: -114.54465 | G45: -11.221432 | H45: -8.8060837 | I45: -1.1658284 | J45: -0.6560938 | T45: =ABS(D45-SUMIFS($D$2:$D$205,$A$2:$A$205,$A45,$B$2:$B$205,$B45,$C$2:$C$205,100)) -> 2.2364385e-05 | U45: =ABS(E45-SUMIFS($E$2:$E$205,$A$2:$A$205,$A45,$B$2:$B$205,$B45,$C$2:$C$205,100)) -> 2.1128332e-05 | V45: =IF(ISBLANK(F45),"",ABS(F45-SUMIFS($F$2:$F$205,$A$2:$A$205,$A45,$B$2:$B$205,$B45,$C$2:$C$205,100))) -> 0.070117271 | W45: =IF(ISBLANK(G45),"",ABS(G45-SUMIFS($G$2:$G$205,$A$2:$A$205,$A45,$B$2:$B$205,$B45,$C$2:$C$205,100))) -> 0.070054753 | X45: =IF(ISBLANK(H45),"",ABS(H45-SUMIFS($H$2:$H$205,$A$2:$A$205,$A45,$B$2:$B$205,$B45,$C$2:$C$205,100))) -> 0.07005994 | Y45: =IF(ISBLANK(I45),"",ABS(I45-SUMIFS($I$2:$I$205,$A$2:$A$205,$A45,$B$2:$B$205,$B45,$C$2:$C$205,100))) -> 0.070196284 | Z45: =IF(ISBLANK(J45),"",ABS(J45-SUMIFS($J$2:$J$205,$A$2:$A$205,$A45,$B$2:$B$205,$B45,$C$2:$C$205,100))) -> 0.070202189 | AA45: =IF(ISBLANK(K45),"",ABS(K45-SUMIFS($K$2:$K$205,$A$2:$A$205,$A45,$B$2:$B$205,$B45,$C$2:$C$205,100))) | AB45: =IF(ISBLANK(L45),"",ABS(L45-SUMIFS($L$2:$L$205,$A$2:$A$205,$A45,$B$2:$B$205,$B45,$C$2:$C$205,100))) | AC45: =IF(ISBLANK(M45),"",ABS(M45-SUMIFS($M$2:$M$205,$A$2:$A$205,$A45,$B$2:$B$205,$B45,$C$2:$C$205,100))) | AD45: =IF(ISBLANK(N45),"",ABS(N45-SUMIFS($N$2:$N$205,$A$2:$A$205,$A45,$B$2:$B$205,$B45,$C$2:$C$205,100))) | AE45: =IF(ISBLANK(O45),"",ABS(O45-SUMIFS($O$2:$O$205,$A$2:$A$205,$A45,$B$2:$B$205,$B45,$C$2:$C$205,100))) | AF45: =IF(ISBLANK(P45),"",ABS(P45-SUMIFS($P$2:$P$205,$A$2:$A$205,$A45,$B$2:$B$205,$B45,$C$2:$C$205,100))) | AG45: =IF(ISBLANK(Q45),"",ABS(Q45-SUMIFS($Q$2:$Q$205,$A$2:$A$205,$A45,$B$2:$B$205,$B45,$C$2:$C$205,100))) | AH45: =IF(ISBLANK(R45),"",ABS(R45-SUMIFS($R$2:$R$205,$A$2:$A$205,$A45,$B$2:$B$205,$B45,$C$2:$C$205,100))) | AI45: =IF(ISBLANK(S45),"",ABS(S45-SUMIFS($S$2:$S$205,$A$2:$A$205,$A45,$B$2:$B$205,$B45,$C$2:$C$205,100))) | AJ45: =MAX(V45:AI45) -> 0.070202189
A46: Ar | B46: Midpoint | C46: 30 | D46: -527.8844 | E46: -1.0738399 | F46: -114.4781 | G46: -11.154943 | H46: -8.7395896 | I46: -1.0991993 | J46: -0.58945879 | T46: =ABS(D46-SUMIFS($D$2:$D$205,$A$2:$A$205,$A46,$B$2:$B$205,$B46,$C$2:$C$205,100)) -> 7.1372597e-10 | U46: =ABS(E46-SUMIFS($E$2:$E$205,$A$2:$A$205,$A46,$B$2:$B$205,$B46,$C$2:$C$205,100)) -> 6.015564e-09 | V46: =IF(ISBLANK(F46),"",ABS(F46-SUMIFS($F$2:$F$205,$A$2:$A$205,$A46,$B$2:$B$205,$B46,$C$2:$C$205,100))) -> 0.00356591 | W46: =IF(ISBLANK(G46),"",ABS(G46-SUMIFS($G$2:$G$205,$A$2:$A$205,$A46,$B$2:$B$205,$B46,$C$2:$C$205,100))) -> 0.0035658273 | X46: =IF(ISBLANK(H46),"",ABS(H46-SUMIFS($H$2:$H$205,$A$2:$A$205,$A46,$B$2:$B$205,$B46,$C$2:$C$205,100))) -> 0.0035658387 | Y46: =IF(ISBLANK(I46),"",ABS(I46-SUMIFS($I$2:$I$205,$A$2:$A$205,$A46,$B$2:$B$205,$B46,$C$2:$C$205,100))) -> 0.003567248 | Z46: =IF(ISBLANK(J46),"",ABS(J46-SUMIFS($J$2:$J$205,$A$2:$A$205,$A46,$B$2:$B$205,$B46,$C$2:$C$205,100))) -> 0.0035671799 | AA46: =IF(ISBLANK(K46),"",ABS(K46-SUMIFS($K$2:$K$205,$A$2:$A$205,$A46,$B$2:$B$205,$B46,$C$2:$C$205,100))) | AB46: =IF(ISBLANK(L46),"",ABS(L46-SUMIFS($L$2:$L$205,$A$2:$A$205,$A46,$B$2:$B$205,$B46,$C$2:$C$205,100))) | AC46: =IF(ISBLANK(M46),"",ABS(M46-SUMIFS($M$2:$M$205,$A$2:$A$205,$A46,$B$2:$B$205,$B46,$C$2:$C$205,100))) | AD46: =IF(ISBLANK(N46),"",ABS(N46-SUMIFS($N$2:$N$205,$A$2:$A$205,$A46,$B$2:$B$205,$B46,$C$2:$C$205,100))) | AE46: =IF(ISBLANK(O46),"",ABS(O46-SUMIFS($O$2:$O$205,$A$2:$A$205,$A46,$B$2:$B$205,$B46,$C$2:$C$205,100))) | AF46: =IF(ISBLANK(P46),"",ABS(P46-SUMIFS($P$2:$P$205,$A$2:$A$205,$A46,$B$2:$B$205,$B46,$C$2:$C$205,100))) | AG46: =IF(ISBLANK(Q46),"",ABS(Q46-SUMIFS($Q$2:$Q$205,$A$2:$A$205,$A46,$B$2:$B$205,$B46,$C$2:$C$205,100))) | AH46: =IF(ISBLANK(R46),"",ABS(R46-SUMIFS($R$2:$R$205,$A$2:$A$205,$A46,$B$2:$B$205,$B46,$C$2:$C$205,100))) | AI46: =IF(ISBLANK(S46),"",ABS(S46-SUMIFS($S$2:$S$205,$A$2:$A$205,$A46,$B$2:$B$205,$B46,$C$2:$C$205,100))) | AJ46: =MAX(V46:AI46) -> 0.003567248
A47: Ar | B47: Midpoint | C47: 50 | D47: -527.8844 | E47: -1.0738399 | F47: -114.47454 | G47: -11.151379 | H47: -8.7360256 | I47: -1.095634 | J47: -0.58589352 | T47: =ABS(D47-SUMIFS($D$2:$D$205,$A$2:$A$205,$A47,$B$2:$B$205,$B47,$C$2:$C$205,100)) -> 2.1600499e-12 | U47: =ABS(E47-SUMIFS($E$2:$E$205,$A$2:$A$205,$A47,$B$2:$B$205,$B47,$C$2:$C$205,100)) -> 3.1479264e-12 | V47: =IF(ISBLANK(F47),"",ABS(F47-SUMIFS($F$2:$F$205,$A$2:$A$205,$A47,$B$2:$B$205,$B47,$C$2:$C$205,100))) -> 1.9088474e-06 | W47: =IF(ISBLANK(G47),"",ABS(G47-SUMIFS($G$2:$G$205,$A$2:$A$205,$A47,$B$2:$B$205,$B47,$C$2:$C$205,100))) -> 1.9088475e-06 | X47: =IF(ISBLANK(H47),"",ABS(H47-SUMIFS($H$2:$H$205,$A$2:$A$205,$A47,$B$2:$B$205,$B47,$C$2:$C$205,100))) -> 1.9083935e-06 | Y47: =IF(ISBLANK(I47),"",ABS(I47-SUMIFS($I$2:$I$205,$A$2:$A$205,$A47,$B$2:$B$205,$B47,$C$2:$C$205,100))) -> 1.9088475e-06 | Z47: =IF(ISBLANK(J47),"",ABS(J47-SUMIFS($J$2:$J$205,$A$2:$A$205,$A47,$B$2:$B$205,$B47,$C$2:$C$205,100))) -> 1.9089784e-06 | AA47: =IF(ISBLANK(K47),"",ABS(K47-SUMIFS($K$2:$K$205,$A$2:$A$205,$A47,$B$2:$B$205,$B47,$C$2:$C$205,100))) | AB47: =IF(ISBLANK(L47),"",ABS(L47-SUMIFS($L$2:$L$205,$A$2:$A$205,$A47,$B$2:$B$205,$B47,$C$2:$C$205,100))) | AC47: =IF(ISBLANK(M47),"",ABS(M47-SUMIFS($M$2:$M$205,$A$2:$A$205,$A47,$B$2:$B$205,$B47,$C$2:$C$205,100))) | AD47: =IF(ISBLANK(N47),"",ABS(N47-SUMIFS($N$2:$N$205,$A$2:$A$205,$A47,$B$2:$B$205,$B47,$C$2:$C$205,100))) | AE47: =IF(ISBLANK(O47),"",ABS(O47-SUMIFS($O$2:$O$205,$A$2:$A$205,$A47,$B$2:$B$205,$B47,$C$2:$C$205,100))) | AF47: =IF(ISBLANK(P47),"",ABS(P47-SUMIFS($P$2:$P$205,$A$2:$A$205,$A47,$B$2:$B$205,$B47,$C$2:$C$205,100))) | AG47: =IF(ISBLANK(Q47),"",ABS(Q47-SUMIFS($Q$2:$Q$205,$A$2:$A$205,$A47,$B$2:$B$205,$B47,$C$2:$C$205,100))) | AH47: =IF(ISBLANK(R47),"",ABS(R47-SUMIFS($R$2:$R$205,$A$2:$A$205,$A47,$B$2:$B$205,$B47,$C$2:$C$205,100))) | AI47: =IF(ISBLANK(S47),"",ABS(S47-SUMIFS($S$2:$S$205,$A$2:$A$205,$A47,$B$2:$B$205,$B47,$C$2:$C$205,100))) | AJ47: =MAX(V47:AI47) -> 1.9089784e-06
A48: Ar | B48: Midpoint | C48: 80 | D48: -527.8844 | E48: -1.0738399 | F48: -114.47453 | G48: -11.151377 | H48: -8.7360237 | I48: -1.0956321 | J48: -0.58589161 | T48: =ABS(D48-SUMIFS($D$2:$D$205,$A$2:$A$205,$A48,$B$2:$B$205,$B48,$C$2:$C$205,100)) -> 0 | U48: =ABS(E48-SUMIFS($E$2:$E$205,$A$2:$A$205,$A48,$B$2:$B$205,$B48,$C$2:$C$205,100)) -> 9.7033492e-14 | V48: =IF(ISBLANK(F48),"",ABS(F48-SUMIFS($F$2:$F$205,$A$2:$A$205,$A48,$B$2:$B$205,$B48,$C$2:$C$205,100))) -> 9.8793862e-11 | W48: =IF(ISBLANK(G48),"",ABS(G48-SUMIFS($G$2:$G$205,$A$2:$A$205,$A48,$B$2:$B$205,$B48,$C$2:$C$205,100))) -> 9.8889785e-11 | X48: =IF(ISBLANK(H48),"",ABS(H48-SUMIFS($H$2:$H$205,$A$2:$A$205,$A48,$B$2:$B$205,$B48,$C$2:$C$205,100))) -> 0 | Y48: =IF(ISBLANK(I48),"",ABS(I48-SUMIFS($I$2:$I$205,$A$2:$A$205,$A48,$B$2:$B$205,$B48,$C$2:$C$205,100))) -> 1.891749e-10 | Z48: =IF(ISBLANK(J48),"",ABS(J48-SUMIFS($J$2:$J$205,$A$2:$A$205,$A48,$B$2:$B$205,$B48,$C$2:$C$205,100))) -> 0 | AA48: =IF(ISBLANK(K48),"",ABS(K48-SUMIFS($K$2:$K$205,$A$2:$A$205,$A48,$B$2:$B$205,$B48,$C$2:$C$205,100))) | AB48: =IF(ISBLANK(L48),"",ABS(L48-SUMIFS($L$2:$L$205,$A$2:$A$205,$A48,$B$2:$B$205,$B48,$C$2:$C$205,100))) | AC48: =IF(ISBLANK(M48),"",ABS(M48-SUMIFS($M$2:$M$205,$A$2:$A$205,$A48,$B$2:$B$205,$B48,$C$2:$C$205,100))) | AD48: =IF(ISBLANK(N48),"",ABS(N48-SUMIFS($N$2:$N$205,$A$2:$A$205,$A48,$B$2:$B$205,$B48,$C$2:$C$205,100))) | AE48: =IF(ISBLANK(O48),"",ABS(O48-SUMIFS($O$2:$O$205,$A$2:$A$205,$A48,$B$2:$B$205,$B48,$C$2:$C$205,100))) | AF48: =IF(ISBLANK(P48),"",ABS(P48-SUMIFS($P$2:$P$205,$A$2:$A$205,$A48,$B$2:$B$205,$B48,$C$2:$C$205,100))) | AG48: =IF(ISBLANK(Q48),"",ABS(Q48-SUMIFS($Q$2:$Q$205,$A$2:$A$205,$A48,$B$2:$B$205,$B48,$C$2:$C$205,100))) | AH48: =IF(ISBLANK(R48),"",ABS(R48-SUMIFS($R$2:$R$205,$A$2:$A$205,$A48,$B$2:$B$205,$B48,$C$2:$C$205,100))) | AI48: =IF(ISBLANK(S48),"",ABS(S48-SUMIFS($S$2:$S$205,$A$2:$A$205,$A48,$B$2:$B$205,$B48,$C$2:$C$205,100))) | AJ48: =MAX(V48:AI48) -> 1.891749e-10
A49: Ar | B49: Midpoint | C49: 100 | D49: -527.8844 | E49: -1.0738399 | F49: -114.47453 | G49: -11.151377 | H49: -8.7360237 | I49: -1.0956321 | J49: -0.58589161 | T49: =ABS(D49-SUMIFS($D$2:$D$205,$A$2:$A$205,$A49,$B$2:$B$205,$B49,$C$2:$C$205,100)) -> 0 | U49: =ABS(E49-SUMIFS($E$2:$E$205,$A$2:$A$205,$A49,$B$2:$B$205,$B49,$C$2:$C$205,100)) -> 0 | V49: =IF(ISBLANK(F49),"",ABS(F49-SUMIFS($F$2:$F$205,$A$2:$A$205,$A49,$B$2:$B$205,$B49,$C$2:$C$205,100))) -> 0 | W49: =IF(ISBLANK(G49),"",ABS(G49-SUMIFS($G$2:$G$205,$A$2:$A$205,$A49,$B$2:$B$205,$B49,$C$2:$C$205,100))) -> 0 | X49: =IF(ISBLANK(H49),"",ABS(H49-SUMIFS($H$2:$H$205,$A$2:$A$205,$A49,$B$2:$B$205,$B49,$C$2:$C$205,100))) -> 0 | Y49: =IF(ISBLANK(I49),"",ABS(I49-SUMIFS($I$2:$I$205,$A$2:$A$205,$A49,$B$2:$B$205,$B49,$C$2:$C$205,100))) -> 0 | Z49: =IF(ISBLANK(J49),"",ABS(J49-SUMIFS($J$2:$J$205,$A$2:$A$205,$A49,$B$2:$B$205,$B49,$C$2:$C$205,100))) -> 0 | AA49: =IF(ISBLANK(K49),"",ABS(K49-SUMIFS($K$2:$K$205,$A$2:$A$205,$A49,$B$2:$B$205,$B49,$C$2:$C$205,100))) | AB49: =IF(ISBLANK(L49),"",ABS(L49-SUMIFS($L$2:$L$205,$A$2:$A$205,$A49,$B$2:$B$205,$B49,$C$2:$C$205,100))) | AC49: =IF(ISBLANK(M49),"",ABS(M49-SUMIFS($M$2:$M$205,$A$2:$A$205,$A49,$B$2:$B$205,$B49,$C$2:$C$205,100))) | AD49: =IF(ISBLANK(N49),"",ABS(N49-SUMIFS($N$2:$N$205,$A$2:$A$205,$A49,$B$2:$B$205,$B49,$C$2:$C$205,100))) | AE49: =IF(ISBLANK(O49),"",ABS(O49-SUMIFS($O$2:$O$205,$A$2:$A$205,$A49,$B$2:$B$205,$B49,$C$2:$C$205,100))) | AF49: =IF(ISBLANK(P49),"",ABS(P49-SUMIFS($P$2:$P$205,$A$2:$A$205,$A49,$B$2:$B$205,$B49,$C$2:$C$205,100))) | AG49: =IF(ISBLANK(Q49),"",ABS(Q49-SUMIFS($Q$2:$Q$205,$A$2:$A$205,$A49,$B$2:$B$205,$B49,$C$2:$C$205,100))) | AH49: =IF(ISBLANK(R49),"",ABS(R49-SUMIFS($R$2:$R$205,$A$2:$A$205,$A49,$B$2:$B$205,$B49,$C$2:$C$205,100))) | AI49: =IF(ISBLANK(S49),"",ABS(S49-SUMIFS($S$2:$S$205,$A$2:$A$205,$A49,$B$2:$B$205,$B49,$C$2:$C$205,100))) | AJ49: =MAX(V49:AI49) -> 0
A50: Ar | B50: Midpoint | C50: 150 | D50: -527.8844 | E50: -1.0738399 | F50: -114.47453 | G50: -11.151377 | H50: -8.7360237 | I50: -1.0956321 | J50: -0.58589161 | T50: =ABS(D50-SUMIFS($D$2:$D$205,$A$2:$A$205,$A50,$B$2:$B$205,$B50,$C$2:$C$205,100)) -> 0 | U50: =ABS(E50-SUMIFS($E$2:$E$205,$A$2:$A$205,$A50,$B$2:$B$205,$B50,$C$2:$C$205,100)) -> 1.6608936e-13 | V50: =IF(ISBLANK(F50),"",ABS(F50-SUMIFS($F$2:$F$205,$A$2:$A$205,$A50,$B$2:$B$205,$B50,$C$2:$C$205,100))) -> 1.2158807e-10 | W50: =IF(ISBLANK(G50),"",ABS(G50-SUMIFS($G$2:$G$205,$A$2:$A$205,$A50,$B$2:$B$205,$B50,$C$2:$C$205,100))) -> 1.2163959e-10 | X50: =IF(ISBLANK(H50),"",ABS(H50-SUMIFS($H$2:$H$205,$A$2:$A$205,$A50,$B$2:$B$205,$B50,$C$2:$C$205,100))) -> 0 | Y50: =IF(ISBLANK(I50),"",ABS(I50-SUMIFS($I$2:$I$205,$A$2:$A$205,$A50,$B$2:$B$205,$B50,$C$2:$C$205,100))) -> 1.6642487e-10 | Z50: =IF(ISBLANK(J50),"",ABS(J50-SUMIFS($J$2:$J$205,$A$2:$A$205,$A50,$B$2:$B$205,$B50,$C$2:$C$205,100))) -> 0 | AA50: =IF(ISBLANK(K50),"",ABS(K50-SUMIFS($K$2:$K$205,$A$2:$A$205,$A50,$B$2:$B$205,$B50,$C$2:$C$205,100))) | AB50: =IF(ISBLANK(L50),"",ABS(L50-SUMIFS($L$2:$L$205,$A$2:$A$205,$A50,$B$2:$B$205,$B50,$C$2:$C$205,100))) | AC50: =IF(ISBLANK(M50),"",ABS(M50-SUMIFS($M$2:$M$205,$A$2:$A$205,$A50,$B$2:$B$205,$B50,$C$2:$C$205,100))) | AD50: =IF(ISBLANK(N50),"",ABS(N50-SUMIFS($N$2:$N$205,$A$2:$A$205,$A50,$B$2:$B$205,$B50,$C$2:$C$205,100))) | AE50: =IF(ISBLANK(O50),"",ABS(O50-SUMIFS($O$2:$O$205,$A$2:$A$205,$A50,$B$2:$B$205,$B50,$C$2:$C$205,100))) | AF50: =IF(ISBLANK(P50),"",ABS(P50-SUMIFS($P$2:$P$205,$A$2:$A$205,$A50,$B$2:$B$205,$B50,$C$2:$C$205,100))) | AG50: =IF(ISBLANK(Q50),"",ABS(Q50-SUMIFS($Q$2:$Q$205,$A$2:$A$205,$A50,$B$2:$B$205,$B50,$C$2:$C$205,100))) | AH50: =IF(ISBLANK(R50),"",ABS(R50-SUMIFS($R$2:$R$205,$A$2:$A$205,$A50,$B$2:$B$205,$B50,$C$2:$C$205,100))) | AI50: =IF(ISBLANK(S50),"",ABS(S50-SUMIFS($S$2:$S$205,$A$2:$A$205,$A50,$B$2:$B$205,$B50,$C$2:$C$205,100))) | AJ50: =MAX(V50:AI50) -> 1.6642487e-10
A51: Ar | B51: Trapezoidal | C51: 5 | D51: -527.95785 | E51: -1.1511548 | F51: -114.14626 | G51: -10.861347 | H51: -8.4454486 | I51: -0.69076477 | J51: -0.18323986 | T51: =ABS(D51-SUMIFS($D$2:$D$205,$A$2:$A$205,$A51,$B$2:$B$205,$B51,$C$2:$C$205,100)) -> 0.073449954 | U51: =ABS(E51-SUMIFS($E$2:$E$205,$A$2:$A$205,$A51,$B$2:$B$205,$B51,$C$2:$C$205,100)) -> 0.077314919 | V51: =IF(ISBLANK(F51),"",ABS(F51-SUMIFS($F$2:$F$205,$A$2:$A$205,$A51,$B$2:$B$205,$B51,$C$2:$C$205,100))) -> 0.3282789 | W51: =IF(ISBLANK(G51),"",ABS(G51-SUMIFS($G$2:$G$205,$A$2:$A$205,$A51,$B$2:$B$205,$B51,$C$2:$C$205,100))) -> 0.2900298 | X51: =IF(ISBLANK(H51),"",ABS(H51-SUMIFS($H$2:$H$205,$A$2:$A$205,$A51,$B$2:$B$205,$B51,$C$2:$C$205,100))) -> 0.29057512 | Y51: =IF(ISBLANK(I51),"",ABS(I51-SUMIFS($I$2:$I$205,$A$2:$A$205,$A51,$B$2:$B$205,$B51,$C$2:$C$205,100))) -> 0.40486731 | Z51: =IF(ISBLANK(J51),"",ABS(J51-SUMIFS($J$2:$J$205,$A$2:$A$205,$A51,$B$2:$B$205,$B51,$C$2:$C$205,100))) -> 0.40265175 | AA51: =IF(ISBLANK(K51),"",ABS(K51-SUMIFS($K$2:$K$205,$A$2:$A$205,$A51,$B$2:$B$205,$B51,$C$2:$C$205,100))) | AB51: =IF(ISBLANK(L51),"",ABS(L51-SUMIFS($L$2:$L$205,$A$2:$A$205,$A51,$B$2:$B$205,$B51,$C$2:$C$205,100))) | AC51: =IF(ISBLANK(M51),"",ABS(M51-SUMIFS($M$2:$M$205,$A$2:$A$205,$A51,$B$2:$B$205,$B51,$C$2:$C$205,100))) | AD51: =IF(ISBLANK(N51),"",ABS(N51-SUMIFS($N$2:$N$205,$A$2:$A$205,$A51,$B$2:$B$205,$B51,$C$2:$C$205,100))) | AE51: =IF(ISBLANK(O51),"",ABS(O51-SUMIFS($O$2:$O$205,$A$2:$A$205,$A51,$B$2:$B$205,$B51,$C$2:$C$205,100))) | AF51: =IF(ISBLANK(P51),"",ABS(P51-SUMIFS($P$2:$P$205,$A$2:$A$205,$A51,$B$2:$B$205,$B51,$C$2:$C$205,100))) | AG51: =IF(ISBLANK(Q51),"",ABS(Q51-SUMIFS($Q$2:$Q$205,$A$2:$A$205,$A51,$B$2:$B$205,$B51,$C$2:$C$205,100))) | AH51: =IF(ISBLANK(R51),"",ABS(R51-SUMIFS($R$2:$R$205,$A$2:$A$205,$A51,$B$2:$B$205,$B51,$C$2:$C$205,100))) | AI51: =IF(ISBLANK(S51),"",ABS(S51-SUMIFS($S$2:$S$205,$A$2:$A$205,$A51,$B$2:$B$205,$B51,$C$2:$C$205,100))) | AJ51: =MAX(V51:AI51) -> 0.40486731
A52: Ar | B52: Trapezoidal | C52: 10 | D52: -527.88945 | E52: -1.078937 | F52: -114.2839 | G52: -10.957441 | H52: -8.5425585 | I52: -0.89172616 | J52: -0.38189351 | T52: =ABS(D52-SUMIFS($D$2:$D$205,$A$2:$A$205,$A52,$B$2:$B$205,$B52,$C$2:$C$205,100)) -> 0.0050447721 | U52: =ABS(E52-SUMIFS($E$2:$E$205,$A$2:$A$205,$A52,$B$2:$B$205,$B52,$C$2:$C$205,100)) -> 0.0050970908 | V52: =IF(ISBLANK(F52),"",ABS(F52-SUMIFS($F$2:$F$205,$A$2:$A$205,$A52,$B$2:$B$205,$B52,$C$2:$C$205,100))) -> 0.19063547 | W52: =IF(ISBLANK(G52),"",ABS(G52-SUMIFS($G$2:$G$205,$A$2:$A$205,$A52,$B$2:$B$205,$B52,$C$2:$C$205,100))) -> 0.19393667 | X52: =IF(ISBLANK(H52),"",ABS(H52-SUMIFS($H$2:$H$205,$A$2:$A$205,$A52,$B$2:$B$205,$B52,$C$2:$C$205,100))) -> 0.19346523 | Y52: =IF(ISBLANK(I52),"",ABS(I52-SUMIFS($I$2:$I$205,$A$2:$A$205,$A52,$B$2:$B$205,$B52,$C$2:$C$205,100))) -> 0.20390592 | Z52: =IF(ISBLANK(J52),"",ABS(J52-SUMIFS($J$2:$J$205,$A$2:$A$205,$A52,$B$2:$B$205,$B52,$C$2:$C$205,100))) -> 0.20399811 | AA52: =IF(ISBLANK(K52),"",ABS(K52-SUMIFS($K$2:$K$205,$A$2:$A$205,$A52,$B$2:$B$205,$B52,$C$2:$C$205,100))) | AB52: =IF(ISBLANK(L52),"",ABS(L52-SUMIFS($L$2:$L$205,$A$2:$A$205,$A52,$B$2:$B$205,$B52,$C$2:$C$205,100))) | AC52: =IF(ISBLANK(M52),"",ABS(M52-SUMIFS($M$2:$M$205,$A$2:$A$205,$A52,$B$2:$B$205,$B52,$C$2:$C$205,100))) | AD52: =IF(ISBLANK(N52),"",ABS(N52-SUMIFS($N$2:$N$205,$A$2:$A$205,$A52,$B$2:$B$205,$B52,$C$2:$C$205,100))) | AE52: =IF(ISBLANK(O52),"",ABS(O52-SUMIFS($O$2:$O$205,$A$2:$A$205,$A52,$B$2:$B$205,$B52,$C$2:$C$205,100))) | AF52: =IF(ISBLANK(P52),"",ABS(P52-SUMIFS($P$2:$P$205,$A$2:$A$205,$A52,$B$2:$B$205,$B52,$C$2:$C$205,100))) | AG52: =IF(ISBLANK(Q52),"",ABS(Q52-SUMIFS($Q$2:$Q$205,$A$2:$A$205,$A52,$B$2:$B$205,$B52,$C$2:$C$205,100))) | AH52: =IF(ISBLANK(R52),"",ABS(R52-SUMIFS($R$2:$R$205,$A$2:$A$205,$A52,$B$2:$B$205,$B52,$C$2:$C$205,100))) | AI52: =IF(ISBLANK(S52),"",ABS(S52-SUMIFS($S$2:$S$205,$A$2:$A$205,$A52,$B$2:$B$205,$B52,$C$2:$C$205,100))) | AJ52: =MAX(V52:AI52) -> 0.20399811
A53: Ar | B53: Trapezoidal | C53: 15 | D53: -527.88479 | E53: -1.0742536 | F53: -114.35909 | G53: -11.036268 | H53: -8.6210898 | I53: -0.97873786 | J53: -0.46891578 | T53: =ABS(D53-SUMIFS($D$2:$D$205,$A$2:$A$205,$A53,$B$2:$B$205,$B53,$C$2:$C$205,100)) -> 0.00038222642 | U53: =ABS(E53-SUMIFS($E$2:$E$205,$A$2:$A$205,$A53,$B$2:$B$205,$B53,$C$2:$C$205,100)) -> 0.00041370309 | V53: =IF(ISBLANK(F53),"",ABS(F53-SUMIFS($F$2:$F$205,$A$2:$A$205,$A53,$B$2:$B$205,$B53,$C$2:$C$205,100))) -> 0.11544335 | W53: =IF(ISBLANK(G53),"",ABS(G53-SUMIFS($G$2:$G$205,$A$2:$A$205,$A53,$B$2:$B$205,$B53,$C$2:$C$205,100))) -> 0.11510876 | X53: =IF(ISBLANK(H53),"",ABS(H53-SUMIFS($H$2:$H$205,$A$2:$A$205,$A53,$B$2:$B$205,$B53,$C$2:$C$205,100))) -> 0.11493388 | Y53: =IF(ISBLANK(I53),"",ABS(I53-SUMIFS($I$2:$I$205,$A$2:$A$205,$A53,$B$2:$B$205,$B53,$C$2:$C$205,100))) -> 0.11689422 | Z53: =IF(ISBLANK(J53),"",ABS(J53-SUMIFS($J$2:$J$205,$A$2:$A$205,$A53,$B$2:$B$205,$B53,$C$2:$C$205,100))) -> 0.11697583 | AA53: =IF(ISBLANK(K53),"",ABS(K53-SUMIFS($K$2:$K$205,$A$2:$A$205,$A53,$B$2:$B$205,$B53,$C$2:$C$205,100))) | AB53: =IF(ISBLANK(L53),"",ABS(L53-SUMIFS($L$2:$L$205,$A$2:$A$205,$A53,$B$2:$B$205,$B53,$C$2:$C$205,100))) | AC53: =IF(ISBLANK(M53),"",ABS(M53-SUMIFS($M$2:$M$205,$A$2:$A$205,$A53,$B$2:$B$205,$B53,$C$2:$C$205,100))) | AD53: =IF(ISBLANK(N53),"",ABS(N53-SUMIFS($N$2:$N$205,$A$2:$A$205,$A53,$B$2:$B$205,$B53,$C$2:$C$205,100))) | AE53: =IF(ISBLANK(O53),"",ABS(O53-SUMIFS($O$2:$O$205,$A$2:$A$205,$A53,$B$2:$B$205,$B53,$C$2:$C$205,100))) | AF53: =IF(ISBLANK(P53),"",ABS(P53-SUMIFS($P$2:$P$205,$A$2:$A$205,$A53,$B$2:$B$205,$B53,$C$2:$C$205,100))) | AG53: =IF(ISBLANK(Q53),"",ABS(Q53-SUMIFS($Q$2:$Q$205,$A$2:$A$205,$A53,$B$2:$B$205,$B53,$C$2:$C$205,100))) | AH53: =IF(ISBLANK(R53),"",ABS(R53-SUMIFS($R$2:$R$205,$A$2:$A$205,$A53,$B$2:$B$205,$B53,$C$2:$C$205,100))) | AI53: =IF(ISBLANK(S53),"",ABS(S53-SUMIFS($S$2:$S$205,$A$2:$A$205,$A53,$B$2:$B$205,$B53,$C$2:$C$205,100))) | AJ53: =MAX(V53:AI53) -> 0.11697583
... A82: Ar | B82: Algebraic | C82: 100 | D82: -527.88445 | E82: -1.0738831 | F82: -114.47457 | G82: -11.15138 | H82: -8.7360231 | I82: -1.0956324 | J82: -0.58589156 | T82: =ABS(D82-SUMIFS($D$2:$D$205,$A$2:$A$205,$A82,$B$2:$B$205,$B82,$C$2:$C$205,100)) -> 0 | U82: =ABS(E82-SUMIFS($E$2:$E$205,$A$2:$A$205,$A82,$B$2:$B$205,$B82,$C$2:$C$205,100)) -> 0 | V82: =IF(ISBLANK(F82),"",ABS(F82-SUMIFS($F$2:$F$205,$A$2:$A$205,$A82,$B$2:$B$205,$B82,$C$2:$C$205,100))) -> 0 | W82: =IF(ISBLANK(G82),"",ABS(G82-SUMIFS($G$2:$G$205,$A$2:$A$205,$A82,$B$2:$B$205,$B82,$C$2:$C$205,100))) -> 0 | X82: =IF(ISBLANK(H82),"",ABS(H82-SUMIFS($H$2:$H$205,$A$2:$A$205,$A82,$B$2:$B$205,$B82,$C$2:$C$205,100))) -> 0 | Y82: =IF(ISBLANK(I82),"",ABS(I82-SUMIFS($I$2:$I$205,$A$2:$A$205,$A82,$B$2:$B$205,$B82,$C$2:$C$205,100))) -> 0 | Z82: =IF(ISBLANK(J82),"",ABS(J82-SUMIFS($J$2:$J$205,$A$2:$A$205,$A82,$B$2:$B$205,$B82,$C$2:$C$205,100))) -> 0 | AA82: =IF(ISBLANK(K82),"",ABS(K82-SUMIFS($K$2:$K$205,$A$2:$A$205,$A82,$B$2:$B$205,$B82,$C$2:$C$205,100))) | AB82: =IF(ISBLANK(L82),"",ABS(L82-SUMIFS($L$2:$L$205,$A$2:$A$205,$A82,$B$2:$B$205,$B82,$C$2:$C$205,100))) | AC82: =IF(ISBLANK(M82),"",ABS(M82-SUMIFS($M$2:$M$205,$A$2:$A$205,$A82,$B$2:$B$205,$B82,$C$2:$C$205,100))) | AD82: =IF(ISBLANK(N82),"",ABS(N82-SUMIFS($N$2:$N$205,$A$2:$A$205,$A82,$B$2:$B$205,$B82,$C$2:$C$205,100))) | AE82: =IF(ISBLANK(O82),"",ABS(O82-SUMIFS($O$2:$O$205,$A$2:$A$205,$A82,$B$2:$B$205,$B82,$C$2:$C$205,100))) | AF82: =IF(ISBLANK(P82),"",ABS(P82-SUMIFS($P$2:$P$205,$A$2:$A$205,$A82,$B$2:$B$205,$B82,$C$2:$C$205,100))) | AG82: =IF(ISBLANK(Q82),"",ABS(Q82-SUMIFS($Q$2:$Q$205,$A$2:$A$205,$A82,$B$2:$B$205,$B82,$C$2:$C$205,100))) | AH82: =IF(ISBLANK(R82),"",ABS(R82-SUMIFS($R$2:$R$205,$A$2:$A$205,$A82,$B$2:$B$205,$B82,$C$2:$C$205,100))) | AI82: =IF(ISBLANK(S82),"",ABS(S82-SUMIFS($S$2:$S$205,$A$2:$A$205,$A82,$B$2:$B$205,$B82,$C$2:$C$205,100))) | AJ82: =MAX(V82:AI82) -> 0
A83: Zn | B83: Midpoint | C83: 5 | D83: -1779.9332 | E83: -2.1482776 | F83: -345.8446 | G83: -41.844811 | H83: -36.864802 | I83: -4.7408032 | J83: -3.1611938 | K83: -0.52541526 | L83: -0.35575859 | T83: =ABS(D83-SUMIFS($D$2:$D$205,$A$2:$A$205,$A83,$B$2:$B$205,$B83,$C$2:$C$205,100)) -> 0.043851586 | U83: =ABS(E83-SUMIFS($E$2:$E$205,$A$2:$A$205,$A83,$B$2:$B$205,$B83,$C$2:$C$205,100)) -> 0.010647553 | V83: =IF(ISBLANK(F83),"",ABS(F83-SUMIFS($F$2:$F$205,$A$2:$A$205,$A83,$B$2:$B$205,$B83,$C$2:$C$205,100))) -> 0.0068973331 | W83: =IF(ISBLANK(G83),"",ABS(G83-SUMIFS($G$2:$G$205,$A$2:$A$205,$A83,$B$2:$B$205,$B83,$C$2:$C$205,100))) -> 0.041714556 | X83: =IF(ISBLANK(H83),"",ABS(H83-SUMIFS($H$2:$H$205,$A$2:$A$205,$A83,$B$2:$B$205,$B83,$C$2:$C$205,100))) -> 0.034183631 | Y83: =IF(ISBLANK(I83),"",ABS(I83-SUMIFS($I$2:$I$205,$A$2:$A$205,$A83,$B$2:$B$205,$B83,$C$2:$C$205,100))) -> 0.034083336 | Z83: =IF(ISBLANK(J83),"",ABS(J83-SUMIFS($J$2:$J$205,$A$2:$A$205,$A83,$B$2:$B$205,$B83,$C$2:$C$205,100))) -> 0.03422045 | AA83: =IF(ISBLANK(K83),"",ABS(K83-SUMIFS($K$2:$K$205,$A$2:$A$205,$A83,$B$2:$B$205,$B83,$C$2:$C$205,100))) -> 0.020258848 | AB83: =IF(ISBLANK(L83),"",ABS(L83-SUMIFS($L$2:$L$205,$A$2:$A$205,$A83,$B$2:$B$205,$B83,$C$2:$C$205,100))) -> 0.0038058771 | AC83: =IF(ISBLANK(M83),"",ABS(M83-SUMIFS($M$2:$M$205,$A$2:$A$205,$A83,$B$2:$B$205,$B83,$C$2:$C$205,100))) | AD83: =IF(ISBLANK(N83),"",ABS(N83-SUMIFS($N$2:$N$205,$A$2:$A$205,$A83,$B$2:$B$205,$B83,$C$2:$C$205,100))) | AE83: =IF(ISBLANK(O83),"",ABS(O83-SUMIFS($O$2:$O$205,$A$2:$A$205,$A83,$B$2:$B$205,$B83,$C$2:$C$205,100))) | AF83: =IF(ISBLANK(P83),"",ABS(P83-SUMIFS($P$2:$P$205,$A$2:$A$205,$A83,$B$2:$B$205,$B83,$C$2:$C$205,100))) | AG83: =IF(ISBLANK(Q83),"",ABS(Q83-SUMIFS($Q$2:$Q$205,$A$2:$A$205,$A83,$B$2:$B$205,$B83,$C$2:$C$205,100))) | AH83: =IF(ISBLANK(R83),"",ABS(R83-SUMIFS($R$2:$R$205,$A$2:$A$205,$A83,$B$2:$B$205,$B83,$C$2:$C$205,100))) | AI83: =IF(ISBLANK(S83),"",ABS(S83-SUMIFS($S$2:$S$205,$A$2:$A$205,$A83,$B$2:$B$205,$B83,$C$2:$C$205,100))) | AJ83: =MAX(V83:AI83) -> 0.041714556
A84: Zn | B84: Midpoint | C84: 10 | D84: -1779.9497 | E84: -2.1347499 | F84: -345.84591 | G84: -41.810802 | H84: -36.836243 | I84: -4.7794472 | J84: -3.2000479 | K84: -0.55198834 | L84: -0.35407491 | T84: =ABS(D84-SUMIFS($D$2:$D$205,$A$2:$A$205,$A84,$B$2:$B$205,$B84,$C$2:$C$205,100)) -> 0.02731301 | U84: =ABS(E84-SUMIFS($E$2:$E$205,$A$2:$A$205,$A84,$B$2:$B$205,$B84,$C$2:$C$205,100)) -> 0.024175339 | V84: =IF(ISBLANK(F84),"",ABS(F84-SUMIFS($F$2:$F$205,$A$2:$A$205,$A84,$B$2:$B$205,$B84,$C$2:$C$205,100))) -> 0.0082075284 | W84: =IF(ISBLANK(G84),"",ABS(G84-SUMIFS($G$2:$G$205,$A$2:$A$205,$A84,$B$2:$B$205,$B84,$C$2:$C$205,100))) -> 0.0077063127 | X84: =IF(ISBLANK(H84),"",ABS(H84-SUMIFS($H$2:$H$205,$A$2:$A$205,$A84,$B$2:$B$205,$B84,$C$2:$C$205,100))) -> 0.0056237454 | Y84: =IF(ISBLANK(I84),"",ABS(I84-SUMIFS($I$2:$I$205,$A$2:$A$205,$A84,$B$2:$B$205,$B84,$C$2:$C$205,100))) -> 0.0045606826 | Z84: =IF(ISBLANK(J84),"",ABS(J84-SUMIFS($J$2:$J$205,$A$2:$A$205,$A84,$B$2:$B$205,$B84,$C$2:$C$205,100))) -> 0.0046336323 | AA84: =IF(ISBLANK(K84),"",ABS(K84-SUMIFS($K$2:$K$205,$A$2:$A$205,$A84,$B$2:$B$205,$B84,$C$2:$C$205,100))) -> 0.006314229 | AB84: =IF(ISBLANK(L84),"",ABS(L84-SUMIFS($L$2:$L$205,$A$2:$A$205,$A84,$B$2:$B$205,$B84,$C$2:$C$205,100))) -> 0.0021221944 | AC84: =IF(ISBLANK(M84),"",ABS(M84-SUMIFS($M$2:$M$205,$A$2:$A$205,$A84,$B$2:$B$205,$B84,$C$2:$C$205,100))) | AD84: =IF(ISBLANK(N84),"",ABS(N84-SUMIFS($N$2:$N$205,$A$2:$A$205,$A84,$B$2:$B$205,$B84,$C$2:$C$205,100))) | AE84: =IF(ISBLANK(O84),"",ABS(O84-SUMIFS($O$2:$O$205,$A$2:$A$205,$A84,$B$2:$B$205,$B84,$C$2:$C$205,100))) | AF84: =IF(ISBLANK(P84),"",ABS(P84-SUMIFS($P$2:$P$205,$A$2:$A$205,$A84,$B$2:$B$205,$B84,$C$2:$C$205,100))) | AG84: =IF(ISBLANK(Q84),"",ABS(Q84-SUMIFS($Q$2:$Q$205,$A$2:$A$205,$A84,$B$2:$B$205,$B84,$C$2:$C$205,100))) | AH84: =IF(ISBLANK(R84),"",ABS(R84-SUMIFS($R$2:$R$205,$A$2:$A$205,$A84,$B$2:$B$205,$B84,$C$2:$C$205,100))) | AI84: =IF(ISBLANK(S84),"",ABS(S84-SUMIFS($S$2:$S$205,$A$2:$A$205,$A84,$B$2:$B$205,$B84,$C$2:$C$205,100))) | AJ84: =MAX(V84:AI84) -> 0.0082075284
A85: Zn | B85: Midpoint | C85: 15 | D85: -1779.9769 | E85: -2.1600354 | F85: -345.85782 | G85: -41.823235 | H85: -36.850378 | I85: -4.7936996 | J85: -3.2141739 | K85: -0.5646798 | L85: -0.37071778 | T85: =ABS(D85-SUMIFS($D$2:$D$205,$A$2:$A$205,$A85,$B$2:$B$205,$B85,$C$2:$C$205,100)) -> 8.7646675e-05 | U85: =ABS(E85-SUMIFS($E$2:$E$205,$A$2:$A$205,$A85,$B$2:$B$205,$B85,$C$2:$C$205,100)) -> 0.0011101622 | V85: =IF(ISBLANK(F85),"",ABS(F85-SUMIFS($F$2:$F$205,$A$2:$A$205,$A85,$B$2:$B$205,$B85,$C$2:$C$205,100))) -> 0.020111983 | W85: =IF(ISBLANK(G85),"",ABS(G85-SUMIFS($G$2:$G$205,$A$2:$A$205,$A85,$B$2:$B$205,$B85,$C$2:$C$205,100))) -> 0.0201387 | X85: =IF(ISBLANK(H85),"",ABS(H85-SUMIFS($H$2:$H$205,$A$2:$A$205,$A85,$B$2:$B$205,$B85,$C$2:$C$205,100))) -> 0.019759234 | Y85: =IF(ISBLANK(I85),"",ABS(I85-SUMIFS($I$2:$I$205,$A$2:$A$205,$A85,$B$2:$B$205,$B85,$C$2:$C$205,100))) -> 0.018813091 | Z85: =IF(ISBLANK(J85),"",ABS(J85-SUMIFS($J$2:$J$205,$A$2:$A$205,$A85,$B$2:$B$205,$B85,$C$2:$C$205,100))) -> 0.018759598 | AA85: =IF(ISBLANK(K85),"",ABS(K85-SUMIFS($K$2:$K$205,$A$2:$A$205,$A85,$B$2:$B$205,$B85,$C$2:$C$205,100))) -> 0.019005688 | AB85: =IF(ISBLANK(L85),"",ABS(L85-SUMIFS($L$2:$L$205,$A$2:$A$205,$A85,$B$2:$B$205,$B85,$C$2:$C$205,100))) -> 0.018765066 | AC85: =IF(ISBLANK(M85),"",ABS(M85-SUMIFS($M$2:$M$205,$A$2:$A$205,$A85,$B$2:$B$205,$B85,$C$2:$C$205,100))) | AD85: =IF(ISBLANK(N85),"",ABS(N85-SUMIFS($N$2:$N$205,$A$2:$A$205,$A85,$B$2:$B$205,$B85,$C$2:$C$205,100))) | AE85: =IF(ISBLANK(O85),"",ABS(O85-SUMIFS($O$2:$O$205,$A$2:$A$205,$A85,$B$2:$B$205,$B85,$C$2:$C$205,100))) | AF85: =IF(ISBLANK(P85),"",ABS(P85-SUMIFS($P$2:$P$205,$A$2:$A$205,$A85,$B$2:$B$205,$B85,$C$2:$C$205,100))) | AG85: =IF(ISBLANK(Q85),"",ABS(Q85-SUMIFS($Q$2:$Q$205,$A$2:$A$205,$A85,$B$2:$B$205,$B85,$C$2:$C$205,100))) | AH85: =IF(ISBLANK(R85),"",ABS(R85-SUMIFS($R$2:$R$205,$A$2:$A$205,$A85,$B$2:$B$205,$B85,$C$2:$C$205,100))) | AI85: =IF(ISBLANK(S85),"",ABS(S85-SUMIFS($S$2:$S$205,$A$2:$A$205,$A85,$B$2:$B$205,$B85,$C$2:$C$205,100))) | AJ85: =MAX(V85:AI85) -> 0.0201387
A86: Zn | B86: Midpoint | C86: 20 | D86: -1779.9769 | E86: -2.1590207 | F86: -345.85017 | G86: -41.815529 | H86: -36.842991 | I86: -4.7872805 | J86: -3.2078003 | K86: -0.55809349 | L86: -0.36430877 | T86: =ABS(D86-SUMIFS($D$2:$D$205,$A$2:$A$205,$A86,$B$2:$B$205,$B86,$C$2:$C$205,100)) -> 0.00012710423 | U86: =ABS(E86-SUMIFS($E$2:$E$205,$A$2:$A$205,$A86,$B$2:$B$205,$B86,$C$2:$C$205,100)) -> 9.5461966e-05 | V86: =IF(ISBLANK(F86),"",ABS(F86-SUMIFS($F$2:$F$205,$A$2:$A$205,$A86,$B$2:$B$205,$B86,$C$2:$C$205,100))) -> 0.012470238 | W86: =IF(ISBLANK(G86),"",ABS(G86-SUMIFS($G$2:$G$205,$A$2:$A$205,$A86,$B$2:$B$205,$B86,$C$2:$C$205,100))) -> 0.012432664 | X86: =IF(ISBLANK(H86),"",ABS(H86-SUMIFS($H$2:$H$205,$A$2:$A$205,$A86,$B$2:$B$205,$B86,$C$2:$C$205,100))) -> 0.012372282 | Y86: =IF(ISBLANK(I86),"",ABS(I86-SUMIFS($I$2:$I$205,$A$2:$A$205,$A86,$B$2:$B$205,$B86,$C$2:$C$205,100))) -> 0.012393916 | Z86: =IF(ISBLANK(J86),"",ABS(J86-SUMIFS($J$2:$J$205,$A$2:$A$205,$A86,$B$2:$B$205,$B86,$C$2:$C$205,100))) -> 0.012386026 | AA86: =IF(ISBLANK(K86),"",ABS(K86-SUMIFS($K$2:$K$205,$A$2:$A$205,$A86,$B$2:$B$205,$B86,$C$2:$C$205,100))) -> 0.01241938 | AB86: =IF(ISBLANK(L86),"",ABS(L86-SUMIFS($L$2:$L$205,$A$2:$A$205,$A86,$B$2:$B$205,$B86,$C$2:$C$205,100))) -> 0.012356058 | AC86: =IF(ISBLANK(M86),"",ABS(M86-SUMIFS($M$2:$M$205,$A$2:$A$205,$A86,$B$2:$B$205,$B86,$C$2:$C$205,100))) | AD86: =IF(ISBLANK(N86),"",ABS(N86-SUMIFS($N$2:$N$205,$A$2:$A$205,$A86,$B$2:$B$205,$B86,$C$2:$C$205,100))) | AE86: =IF(ISBLANK(O86),"",ABS(O86-SUMIFS($O$2:$O$205,$A$2:$A$205,$A86,$B$2:$B$205,$B86,$C$2:$C$205,100))) | AF86: =IF(ISBLANK(P86),"",ABS(P86-SUMIFS($P$2:$P$205,$A$2:$A$205,$A86,$B$2:$B$205,$B86,$C$2:$C$205,100))) | AG86: =IF(ISBLANK(Q86),"",ABS(Q86-SUMIFS($Q$2:$Q$205,$A$2:$A$205,$A86,$B$2:$B$205,$B86,$C$2:$C$205,100))) | AH86: =IF(ISBLANK(R86),"",ABS(R86-SUMIFS($R$2:$R$205,$A$2:$A$205,$A86,$B$2:$B$205,$B86,$C$2:$C$205,100))) | AI86: =IF(ISBLANK(S86),"",ABS(S86-SUMIFS($S$2:$S$205,$A$2:$A$205,$A86,$B$2:$B$205,$B86,$C$2:$C$205,100))) | AJ86: =MAX(V86:AI86) -> 0.012470238
A87: Zn | B87: Midpoint | C87: 30 | D87: -1779.977 | E87: -2.1589289 | F87: -345.83797 | G87: -41.803362 | H87: -36.830883 | I87: -4.7751511 | J87: -3.1956787 | K87: -0.54593907 | L87: -0.35221697 | T87: =ABS(D87-SUMIFS($D$2:$D$205,$A$2:$A$205,$A87,$B$2:$B$205,$B87,$C$2:$C$205,100)) -> 7.0860096e-07 | U87: =ABS(E87-SUMIFS($E$2:$E$205,$A$2:$A$205,$A87,$B$2:$B$205,$B87,$C$2:$C$205,100)) -> 3.7039186e-06 | V87: =IF(ISBLANK(F87),"",ABS(F87-SUMIFS($F$2:$F$205,$A$2:$A$205,$A87,$B$2:$B$205,$B87,$C$2:$C$205,100))) -> 0.0002666647 | W87: =IF(ISBLANK(G87),"",ABS(G87-SUMIFS($G$2:$G$205,$A$2:$A$205,$A87,$B$2:$B$205,$B87,$C$2:$C$205,100))) -> 0.00026566562 | X87: =IF(ISBLANK(H87),"",ABS(H87-SUMIFS($H$2:$H$205,$A$2:$A$205,$A87,$B$2:$B$205,$B87,$C$2:$C$205,100))) -> 0.0002645884 | Y87: =IF(ISBLANK(I87),"",ABS(I87-SUMIFS($I$2:$I$205,$A$2:$A$205,$A87,$B$2:$B$205,$B87,$C$2:$C$205,100))) -> 0.00026455874 | Z87: =IF(ISBLANK(J87),"",ABS(J87-SUMIFS($J$2:$J$205,$A$2:$A$205,$A87,$B$2:$B$205,$B87,$C$2:$C$205,100))) -> 0.00026437415 | AA87: =IF(ISBLANK(K87),"",ABS(K87-SUMIFS($K$2:$K$205,$A$2:$A$205,$A87,$B$2:$B$205,$B87,$C$2:$C$205,100))) -> 0.00026495937 | AB87: =IF(ISBLANK(L87),"",ABS(L87-SUMIFS($L$2:$L$205,$A$2:$A$205,$A87,$B$2:$B$205,$B87,$C$2:$C$205,100))) -> 0.00026425844 | AC87: =IF(ISBLANK(M87),"",ABS(M87-SUMIFS($M$2:$M$205,$A$2:$A$205,$A87,$B$2:$B$205,$B87,$C$2:$C$205,100))) | AD87: =IF(ISBLANK(N87),"",ABS(N87-SUMIFS($N$2:$N$205,$A$2:$A$205,$A87,$B$2:$B$205,$B87,$C$2:$C$205,100))) | AE87: =IF(ISBLANK(O87),"",ABS(O87-SUMIFS($O$2:$O$205,$A$2:$A$205,$A87,$B$2:$B$205,$B87,$C$2:$C$205,100))) | AF87: =IF(ISBLANK(P87),"",ABS(P87-SUMIFS($P$2:$P$205,$A$2:$A$205,$A87,$B$2:$B$205,$B87,$C$2:$C$205,100))) | AG87: =IF(ISBLANK(Q87),"",ABS(Q87-SUMIFS($Q$2:$Q$205,$A$2:$A$205,$A87,$B$2:$B$205,$B87,$C$2:$C$205,100))) | AH87: =IF(ISBLANK(R87),"",ABS(R87-SUMIFS($R$2:$R$205,$A$2:$A$205,$A87,$B$2:$B$205,$B87,$C$2:$C$205,100))) | AI87: =IF(ISBLANK(S87),"",ABS(S87-SUMIFS($S$2:$S$205,$A$2:$A$205,$A87,$B$2:$B$205,$B87,$C$2:$C$205,100))) | AJ87: =MAX(V87:AI87) -> 0.0002666647
A88: Zn | B88: Midpoint | C88: 50 | D88: -1779.977 | E88: -2.1589252 | F88: -345.8377 | G88: -41.803096 | H88: -36.830619 | I88: -4.7748866 | J88: -3.1954143 | K88: -0.54567412 | L88: -0.35195273 | T88: =ABS(D88-SUMIFS($D$2:$D$205,$A$2:$A$205,$A88,$B$2:$B$205,$B88,$C$2:$C$205,100)) -> 3.3878678e-11 | U88: =ABS(E88-SUMIFS($E$2:$E$205,$A$2:$A$205,$A88,$B$2:$B$205,$B88,$C$2:$C$205,100)) -> 9.4100017e-10 | V88: =IF(ISBLANK(F88),"",ABS(F88-SUMIFS($F$2:$F$205,$A$2:$A$205,$A88,$B$2:$B$205,$B88,$C$2:$C$205,100))) -> 1.2565295e-08 | W88: =IF(ISBLANK(G88),"",ABS(G88-SUMIFS($G$2:$G$205,$A$2:$A$205,$A88,$B$2:$B$205,$B88,$C$2:$C$205,100))) -> 1.2272352e-08 | X88: =IF(ISBLANK(H88),"",ABS(H88-SUMIFS($H$2:$H$205,$A$2:$A$205,$A88,$B$2:$B$205,$B88,$C$2:$C$205,100))) -> 1.1589464e-08 | Y88: =IF(ISBLANK(I88),"",ABS(I88-SUMIFS($I$2:$I$205,$A$2:$A$205,$A88,$B$2:$B$205,$B88,$C$2:$C$205,100))) -> 1.1979919e-08 | Z88: =IF(ISBLANK(J88),"",ABS(J88-SUMIFS($J$2:$J$205,$A$2:$A$205,$A88,$B$2:$B$205,$B88,$C$2:$C$205,100))) -> 1.2176451e-08 | AA88: =IF(ISBLANK(K88),"",ABS(K88-SUMIFS($K$2:$K$205,$A$2:$A$205,$A88,$B$2:$B$205,$B88,$C$2:$C$205,100))) -> 1.2134132e-08 | AB88: =IF(ISBLANK(L88),"",ABS(L88-SUMIFS($L$2:$L$205,$A$2:$A$205,$A88,$B$2:$B$205,$B88,$C$2:$C$205,100))) -> 1.1687541e-08 | AC88: =IF(ISBLANK(M88),"",ABS(M88-SUMIFS($M$2:$M$205,$A$2:$A$205,$A88,$B$2:$B$205,$B88,$C$2:$C$205,100))) | AD88: =IF(ISBLANK(N88),"",ABS(N88-SUMIFS($N$2:$N$205,$A$2:$A$205,$A88,$B$2:$B$205,$B88,$C$2:$C$205,100))) | AE88: =IF(ISBLANK(O88),"",ABS(O88-SUMIFS($O$2:$O$205,$A$2:$A$205,$A88,$B$2:$B$205,$B88,$C$2:$C$205,100))) | AF88: =IF(ISBLANK(P88),"",ABS(P88-SUMIFS($P$2:$P$205,$A$2:$A$205,$A88,$B$2:$B$205,$B88,$C$2:$C$205,100))) | AG88: =IF(ISBLANK(Q88),"",ABS(Q88-SUMIFS($Q$2:$Q$205,$A$2:$A$205,$A88,$B$2:$B$205,$B88,$C$2:$C$205,100))) | AH88: =IF(ISBLANK(R88),"",ABS(R88-SUMIFS($R$2:$R$205,$A$2:$A$205,$A88,$B$2:$B$205,$B88,$C$2:$C$205,100))) | AI88: =IF(ISBLANK(S88),"",ABS(S88-SUMIFS($S$2:$S$205,$A$2:$A$205,$A88,$B$2:$B$205,$B88,$C$2:$C$205,100))) | AJ88: =MAX(V88:AI88) -> 1.2565295e-08
A89: Zn | B89: Midpoint | C89: 80 | D89: -1779.977 | E89: -2.1589252 | F89: -345.8377 | G89: -41.803096 | H89: -36.830619 | I89: -4.7748866 | J89: -3.1954143 | K89: -0.54567411 | L89: -0.35195272 | T89: =ABS(D89-SUMIFS($D$2:$D$205,$A$2:$A$205,$A89,$B$2:$B$205,$B89,$C$2:$C$205,100)) -> 0 | U89: =ABS(E89-SUMIFS($E$2:$E$205,$A$2:$A$205,$A89,$B$2:$B$205,$B89,$C$2:$C$205,100)) -> 9.8676622e-13 | V89: =IF(ISBLANK(F89),"",ABS(F89-SUMIFS($F$2:$F$205,$A$2:$A$205,$A89,$B$2:$B$205,$B89,$C$2:$C$205,100))) -> 9.3052677e-11 | W89: =IF(ISBLANK(G89),"",ABS(G89-SUMIFS($G$2:$G$205,$A$2:$A$205,$A89,$B$2:$B$205,$B89,$C$2:$C$205,100))) -> 9.3166364e-11 | X89: =IF(ISBLANK(H89),"",ABS(H89-SUMIFS($H$2:$H$205,$A$2:$A$205,$A89,$B$2:$B$205,$B89,$C$2:$C$205,100))) -> 1.1641532e-10 | Y89: =IF(ISBLANK(I89),"",ABS(I89-SUMIFS($I$2:$I$205,$A$2:$A$205,$A89,$B$2:$B$205,$B89,$C$2:$C$205,100))) -> 9.3171693e-11 | Z89: =IF(ISBLANK(J89),"",ABS(J89-SUMIFS($J$2:$J$205,$A$2:$A$205,$A89,$B$2:$B$205,$B89,$C$2:$C$205,100))) -> 1.1641488e-10 | AA89: =IF(ISBLANK(K89),"",ABS(K89-SUMIFS($K$2:$K$205,$A$2:$A$205,$A89,$B$2:$B$205,$B89,$C$2:$C$205,100))) -> 0 | AB89: =IF(ISBLANK(L89),"",ABS(L89-SUMIFS($L$2:$L$205,$A$2:$A$205,$A89,$B$2:$B$205,$B89,$C$2:$C$205,100))) -> 9.3173913e-11 | AC89: =IF(ISBLANK(M89),"",ABS(M89-SUMIFS($M$2:$M$205,$A$2:$A$205,$A89,$B$2:$B$205,$B89,$C$2:$C$205,100))) | AD89: =IF(ISBLANK(N89),"",ABS(N89-SUMIFS($N$2:$N$205,$A$2:$A$205,$A89,$B$2:$B$205,$B89,$C$2:$C$205,100))) | AE89: =IF(ISBLANK(O89),"",ABS(O89-SUMIFS($O$2:$O$205,$A$2:$A$205,$A89,$B$2:$B$205,$B89,$C$2:$C$205,100))) | AF89: =IF(ISBLANK(P89),"",ABS(P89-SUMIFS($P$2:$P$205,$A$2:$A$205,$A89,$B$2:$B$205,$B89,$C$2:$C$205,100))) | AG89: =IF(ISBLANK(Q89),"",ABS(Q89-SUMIFS($Q$2:$Q$205,$A$2:$A$205,$A89,$B$2:$B$205,$B89,$C$2:$C$205,100))) | AH89: =IF(ISBLANK(R89),"",ABS(R89-SUMIFS($R$2:$R$205,$A$2:$A$205,$A89,$B$2:$B$205,$B89,$C$2:$C$205,100))) | AI89: =IF(ISBLANK(S89),"",ABS(S89-SUMIFS($S$2:$S$205,$A$2:$A$205,$A89,$B$2:$B$205,$B89,$C$2:$C$205,100))) | AJ89: =MAX(V89:AI89) -> 1.1641532e-10
A90: Zn | B90: Midpoint | C90: 100 | D90: -1779.977 | E90: -2.1589252 | F90: -345.8377 | G90: -41.803096 | H90: -36.830619 | I90: -4.7748866 | J90: -3.1954143 | K90: -0.54567411 | L90: -0.35195272 | T90: =ABS(D90-SUMIFS($D$2:$D$205,$A$2:$A$205,$A90,$B$2:$B$205,$B90,$C$2:$C$205,100)) -> 0 | U90: =ABS(E90-SUMIFS($E$2:$E$205,$A$2:$A$205,$A90,$B$2:$B$205,$B90,$C$2:$C$205,100)) -> 0 | V90: =IF(ISBLANK(F90),"",ABS(F90-SUMIFS($F$2:$F$205,$A$2:$A$205,$A90,$B$2:$B$205,$B90,$C$2:$C$205,100))) -> 0 | W90: =IF(ISBLANK(G90),"",ABS(G90-SUMIFS($G$2:$G$205,$A$2:$A$205,$A90,$B$2:$B$205,$B90,$C$2:$C$205,100))) -> 0 | X90: =IF(ISBLANK(H90),"",ABS(H90-SUMIFS($H$2:$H$205,$A$2:$A$205,$A90,$B$2:$B$205,$B90,$C$2:$C$205,100))) -> 0 | Y90: =IF(ISBLANK(I90),"",ABS(I90-SUMIFS($I$2:$I$205,$A$2:$A$205,$A90,$B$2:$B$205,$B90,$C$2:$C$205,100))) -> 0 | Z90: =IF(ISBLANK(J90),"",ABS(J90-SUMIFS($J$2:$J$205,$A$2:$A$205,$A90,$B$2:$B$205,$B90,$C$2:$C$205,100))) -> 0 | AA90: =IF(ISBLANK(K90),"",ABS(K90-SUMIFS($K$2:$K$205,$A$2:$A$205,$A90,$B$2:$B$205,$B90,$C$2:$C$205,100))) -> 0 | AB90: =IF(ISBLANK(L90),"",ABS(L90-SUMIFS($L$2:$L$205,$A$2:$A$205,$A90,$B$2:$B$205,$B90,$C$2:$C$205,100))) -> 0 | AC90: =IF(ISBLANK(M90),"",ABS(M90-SUMIFS($M$2:$M$205,$A$2:$A$205,$A90,$B$2:$B$205,$B90,$C$2:$C$205,100))) | AD90: =IF(ISBLANK(N90),"",ABS(N90-SUMIFS($N$2:$N$205,$A$2:$A$205,$A90,$B$2:$B$205,$B90,$C$2:$C$205,100))) | AE90: =IF(ISBLANK(O90),"",ABS(O90-SUMIFS($O$2:$O$205,$A$2:$A$205,$A90,$B$2:$B$205,$B90,$C$2:$C$205,100))) | AF90: =IF(ISBLANK(P90),"",ABS(P90-SUMIFS($P$2:$P$205,$A$2:$A$205,$A90,$B$2:$B$205,$B90,$C$2:$C$205,100))) | AG90: =IF(ISBLANK(Q90),"",ABS(Q90-SUMIFS($Q$2:$Q$205,$A$2:$A$205,$A90,$B$2:$B$205,$B90,$C$2:$C$205,100))) | AH90: =IF(ISBLANK(R90),"",ABS(R90-SUMIFS($R$2:$R$205,$A$2:$A$205,$A90,$B$2:$B$205,$B90,$C$2:$C$205,100))) | AI90: =IF(ISBLANK(S90),"",ABS(S90-SUMIFS($S$2:$S$205,$A$2:$A$205,$A90,$B$2:$B$205,$B90,$C$2:$C$205,100))) | AJ90: =MAX(V90:AI90) -> 0
A91: Zn | B91: Midpoint | C91: 150 | D91: -1779.977 | E91: -2.1589252 | F91: -345.8377 | G91: -41.803096 | H91: -36.830619 | I91: -4.7748866 | J91: -3.1954143 | K91: -0.54567411 | L91: -0.35195272 | T91: =ABS(D91-SUMIFS($D$2:$D$205,$A$2:$A$205,$A91,$B$2:$B$205,$B91,$C$2:$C$205,100)) -> 0 | U91: =ABS(E91-SUMIFS($E$2:$E$205,$A$2:$A$205,$A91,$B$2:$B$205,$B91,$C$2:$C$205,100)) -> 1.4677148e-12 | V91: =IF(ISBLANK(F91),"",ABS(F91-SUMIFS($F$2:$F$205,$A$2:$A$205,$A91,$B$2:$B$205,$B91,$C$2:$C$205,100))) -> 9.3052677e-11 | W91: =IF(ISBLANK(G91),"",ABS(G91-SUMIFS($G$2:$G$205,$A$2:$A$205,$A91,$B$2:$B$205,$B91,$C$2:$C$205,100))) -> 9.3166364e-11 | X91: =IF(ISBLANK(H91),"",ABS(H91-SUMIFS($H$2:$H$205,$A$2:$A$205,$A91,$B$2:$B$205,$B91,$C$2:$C$205,100))) -> 1.1641532e-10 | Y91: =IF(ISBLANK(I91),"",ABS(I91-SUMIFS($I$2:$I$205,$A$2:$A$205,$A91,$B$2:$B$205,$B91,$C$2:$C$205,100))) -> 9.3171693e-11 | Z91: =IF(ISBLANK(J91),"",ABS(J91-SUMIFS($J$2:$J$205,$A$2:$A$205,$A91,$B$2:$B$205,$B91,$C$2:$C$205,100))) -> 1.1641488e-10 | AA91: =IF(ISBLANK(K91),"",ABS(K91-SUMIFS($K$2:$K$205,$A$2:$A$205,$A91,$B$2:$B$205,$B91,$C$2:$C$205,100))) -> 0 | AB91: =IF(ISBLANK(L91),"",ABS(L91-SUMIFS($L$2:$L$205,$A$2:$A$205,$A91,$B$2:$B$205,$B91,$C$2:$C$205,100))) -> 9.3173913e-11 | AC91: =IF(ISBLANK(M91),"",ABS(M91-SUMIFS($M$2:$M$205,$A$2:$A$205,$A91,$B$2:$B$205,$B91,$C$2:$C$205,100))) | AD91: =IF(ISBLANK(N91),"",ABS(N91-SUMIFS($N$2:$N$205,$A$2:$A$205,$A91,$B$2:$B$205,$B91,$C$2:$C$205,100))) | AE91: =IF(ISBLANK(O91),"",ABS(O91-SUMIFS($O$2:$O$205,$A$2:$A$205,$A91,$B$2:$B$205,$B91,$C$2:$C$205,100))) | AF91: =IF(ISBLANK(P91),"",ABS(P91-SUMIFS($P$2:$P$205,$A$2:$A$205,$A91,$B$2:$B$205,$B91,$C$2:$C$205,100))) | AG91: =IF(ISBLANK(Q91),"",ABS(Q91-SUMIFS($Q$2:$Q$205,$A$2:$A$205,$A91,$B$2:$B$205,$B91,$C$2:$C$205,100))) | AH91: =IF(ISBLANK(R91),"",ABS(R91-SUMIFS($R$2:$R$205,$A$2:$A$205,$A91,$B$2:$B$205,$B91,$C$2:$C$205,100))) | AI91: =IF(ISBLANK(S91),"",ABS(S91-SUMIFS($S$2:$S$205,$A$2:$A$205,$A91,$B$2:$B$205,$B91,$C$2:$C$205,100))) | AJ91: =MAX(V91:AI91) -> 1.1641532e-10
A92: Zn | B92: Trapezoidal | C92: 5 | D92: -1779.9748 | E92: -2.1570551 | F92: -345.65675 | G92: -41.6077 | H92: -36.6207 | I92: -4.7296784 | J92: -3.146839 | K92: -0.47897326 | L92: -0.2818867 | T92: =ABS(D92-SUMIFS($D$2:$D$205,$A$2:$A$205,$A92,$B$2:$B$205,$B92,$C$2:$C$205,100)) -> 0.0022089775 | U92: =ABS(E92-SUMIFS($E$2:$E$205,$A$2:$A$205,$A92,$B$2:$B$205,$B92,$C$2:$C$205,100)) -> 0.0018700808 | V92: =IF(ISBLANK(F92),"",ABS(F92-SUMIFS($F$2:$F$205,$A$2:$A$205,$A92,$B$2:$B$205,$B92,$C$2:$C$205,100))) -> 0.18095368 | W92: =IF(ISBLANK(G92),"",ABS(G92-SUMIFS($G$2:$G$205,$A$2:$A$205,$A92,$B$2:$B$205,$B92,$C$2:$C$205,100))) -> 0.19539628 | X92: =IF(ISBLANK(H92),"",ABS(H92-SUMIFS($H$2:$H$205,$A$2:$A$205,$A92,$B$2:$B$205,$B92,$C$2:$C$205,100))) -> 0.20991855 | Y92: =IF(ISBLANK(I92),"",ABS(I92-SUMIFS($I$2:$I$205,$A$2:$A$205,$A92,$B$2:$B$205,$B92,$C$2:$C$205,100))) -> 0.045208192 | Z92: =IF(ISBLANK(J92),"",ABS(J92-SUMIFS($J$2:$J$205,$A$2:$A$205,$A92,$B$2:$B$205,$B92,$C$2:$C$205,100))) -> 0.048575284 | AA92: =IF(ISBLANK(K92),"",ABS(K92-SUMIFS($K$2:$K$205,$A$2:$A$205,$A92,$B$2:$B$205,$B92,$C$2:$C$205,100))) -> 0.066700852 | AB92: =IF(ISBLANK(L92),"",ABS(L92-SUMIFS($L$2:$L$205,$A$2:$A$205,$A92,$B$2:$B$205,$B92,$C$2:$C$205,100))) -> 0.070066014 | AC92: =IF(ISBLANK(M92),"",ABS(M92-SUMIFS($M$2:$M$205,$A$2:$A$205,$A92,$B$2:$B$205,$B92,$C$2:$C$205,100))) | AD92: =IF(ISBLANK(N92),"",ABS(N92-SUMIFS($N$2:$N$205,$A$2:$A$205,$A92,$B$2:$B$205,$B92,$C$2:$C$205,100))) | AE92: =IF(ISBLANK(O92),"",ABS(O92-SUMIFS($O$2:$O$205,$A$2:$A$205,$A92,$B$2:$B$205,$B92,$C$2:$C$205,100))) | AF92: =IF(ISBLANK(P92),"",ABS(P92-SUMIFS($P$2:$P$205,$A$2:$A$205,$A92,$B$2:$B$205,$B92,$C$2:$C$205,100))) | AG92: =IF(ISBLANK(Q92),"",ABS(Q92-SUMIFS($Q$2:$Q$205,$A$2:$A$205,$A92,$B$2:$B$205,$B92,$C$2:$C$205,100))) | AH92: =IF(ISBLANK(R92),"",ABS(R92-SUMIFS($R$2:$R$205,$A$2:$A$205,$A92,$B$2:$B$205,$B92,$C$2:$C$205,100))) | AI92: =IF(ISBLANK(S92),"",ABS(S92-SUMIFS($S$2:$S$205,$A$2:$A$205,$A92,$B$2:$B$205,$B92,$C$2:$C$205,100))) | AJ92: =MAX(V92:AI92) -> 0.20991855
A93: Zn | B93: Trapezoidal | C93: 10 | D93: -1779.9825 | E93: -2.1621248 | F93: -345.80423 | G93: -41.765965 | H93: -36.796475 | I93: -4.7381532 | J93: -3.1580212 | K93: -0.50568003 | L93: -0.31655239 | T93: =ABS(D93-SUMIFS($D$2:$D$205,$A$2:$A$205,$A93,$B$2:$B$205,$B93,$C$2:$C$205,100)) -> 0.0054924597 | U93: =ABS(E93-SUMIFS($E$2:$E$205,$A$2:$A$205,$A93,$B$2:$B$205,$B93,$C$2:$C$205,100)) -> 0.0031996469 | V93: =IF(ISBLANK(F93),"",ABS(F93-SUMIFS($F$2:$F$205,$A$2:$A$205,$A93,$B$2:$B$205,$B93,$C$2:$C$205,100))) -> 0.033474451 | W93: =IF(ISBLANK(G93),"",ABS(G93-SUMIFS($G$2:$G$205,$A$2:$A$205,$A93,$B$2:$B$205,$B93,$C$2:$C$205,100))) -> 0.037130846 | X93: =IF(ISBLANK(H93),"",ABS(H93-SUMIFS($H$2:$H$205,$A$2:$A$205,$A93,$B$2:$B$205,$B93,$C$2:$C$205,100))) -> 0.034143732 | Y93: =IF(ISBLANK(I93),"",ABS(I93-SUMIFS($I$2:$I$205,$A$2:$A$205,$A93,$B$2:$B$205,$B93,$C$2:$C$205,100))) -> 0.036733385 | Z93: =IF(ISBLANK(J93),"",ABS(J93-SUMIFS($J$2:$J$205,$A$2:$A$205,$A93,$B$2:$B$205,$B93,$C$2:$C$205,100))) -> 0.037393064 | AA93: =IF(ISBLANK(K93),"",ABS(K93-SUMIFS($K$2:$K$205,$A$2:$A$205,$A93,$B$2:$B$205,$B93,$C$2:$C$205,100))) -> 0.039994081 | AB93: =IF(ISBLANK(L93),"",ABS(L93-SUMIFS($L$2:$L$205,$A$2:$A$205,$A93,$B$2:$B$205,$B93,$C$2:$C$205,100))) -> 0.035400328 | AC93: =IF(ISBLANK(M93),"",ABS(M93-SUMIFS($M$2:$M$205,$A$2:$A$205,$A93,$B$2:$B$205,$B93,$C$2:$C$205,100))) | AD93: =IF(ISBLANK(N93),"",ABS(N93-SUMIFS($N$2:$N$205,$A$2:$A$205,$A93,$B$2:$B$205,$B93,$C$2:$C$205,100))) | AE93: =IF(ISBLANK(O93),"",ABS(O93-SUMIFS($O$2:$O$205,$A$2:$A$205,$A93,$B$2:$B$205,$B93,$C$2:$C$205,100))) | AF93: =IF(ISBLANK(P93),"",ABS(P93-SUMIFS($P$2:$P$205,$A$2:$A$205,$A93,$B$2:$B$205,$B93,$C$2:$C$205,100))) | AG93: =IF(ISBLANK(Q93),"",ABS(Q93-SUMIFS($Q$2:$Q$205,$A$2:$A$205,$A93,$B$2:$B$205,$B93,$C$2:$C$205,100))) | AH93: =IF(ISBLANK(R93),"",ABS(R93-SUMIFS($R$2:$R$205,$A$2:$A$205,$A93,$B$2:$B$205,$B93,$C$2:$C$205,100))) | AI93: =IF(ISBLANK(S93),"",ABS(S93-SUMIFS($S$2:$S$205,$A$2:$A$205,$A93,$B$2:$B$205,$B93,$C$2:$C$205,100))) | AJ93: =MAX(V93:AI93) -> 0.039994081
A94: Zn | B94: Trapezoidal | C94: 15 | D94: -1779.9776 | E94: -2.1582477 | F94: -345.81568 | G94: -41.780681 | H94: -36.808306 | I94: -4.7542264 | J94: -3.174814 | K94: -0.52489066 | L94: -0.33144353 | T94: =ABS(D94-SUMIFS($D$2:$D$205,$A$2:$A$205,$A94,$B$2:$B$205,$B94,$C$2:$C$205,100)) -> 0.000606158 | U94: =ABS(E94-SUMIFS($E$2:$E$205,$A$2:$A$205,$A94,$B$2:$B$205,$B94,$C$2:$C$205,100)) -> 0.00067747372 | V94: =IF(ISBLANK(F94),"",ABS(F94-SUMIFS($F$2:$F$205,$A$2:$A$205,$A94,$B$2:$B$205,$B94,$C$2:$C$205,100))) -> 0.02202285 | W94: =IF(ISBLANK(G94),"",ABS(G94-SUMIFS($G$2:$G$205,$A$2:$A$205,$A94,$B$2:$B$205,$B94,$C$2:$C$205,100))) -> 0.022415132 | X94: =IF(ISBLANK(H94),"",ABS(H94-SUMIFS($H$2:$H$205,$A$2:$A$205,$A94,$B$2:$B$205,$B94,$C$2:$C$205,100))) -> 0.022312509 | Y94: =IF(ISBLANK(I94),"",ABS(I94-SUMIFS($I$2:$I$205,$A$2:$A$205,$A94,$B$2:$B$205,$B94,$C$2:$C$205,100))) -> 0.020660173 | Z94: =IF(ISBLANK(J94),"",ABS(J94-SUMIFS($J$2:$J$205,$A$2:$A$205,$A94,$B$2:$B$205,$B94,$C$2:$C$205,100))) -> 0.020600276 | AA94: =IF(ISBLANK(K94),"",ABS(K94-SUMIFS($K$2:$K$205,$A$2:$A$205,$A94,$B$2:$B$205,$B94,$C$2:$C$205,100))) -> 0.020783448 | AB94: =IF(ISBLANK(L94),"",ABS(L94-SUMIFS($L$2:$L$205,$A$2:$A$205,$A94,$B$2:$B$205,$B94,$C$2:$C$205,100))) -> 0.020509187 | AC94: =IF(ISBLANK(M94),"",ABS(M94-SUMIFS($M$2:$M$205,$A$2:$A$205,$A94,$B$2:$B$205,$B94,$C$2:$C$205,100))) | AD94: =IF(ISBLANK(N94),"",ABS(N94-SUMIFS($N$2:$N$205,$A$2:$A$205,$A94,$B$2:$B$205,$B94,$C$2:$C$205,100))) | AE94: =IF(ISBLANK(O94),"",ABS(O94-SUMIFS($O$2:$O$205,$A$2:$A$205,$A94,$B$2:$B$205,$B94,$C$2:$C$205,100))) | AF94: =IF(ISBLANK(P94),"",ABS(P94-SUMIFS($P$2:$P$205,$A$2:$A$205,$A94,$B$2:$B$205,$B94,$C$2:$C$205,100))) | AG94: =IF(ISBLANK(Q94),"",ABS(Q94-SUMIFS($Q$2:$Q$205,$A$2:$A$205,$A94,$B$2:$B$205,$B94,$C$2:$C$205,100))) | AH94: =IF(ISBLANK(R94),"",ABS(R94-SUMIFS($R$2:$R$205,$A$2:$A$205,$A94,$B$2:$B$205,$B94,$C$2:$C$205,100))) | AI94: =IF(ISBLANK(S94),"",ABS(S94-SUMIFS($S$2:$S$205,$A$2:$A$205,$A94,$B$2:$B$205,$B94,$C$2:$C$205,100))) | AJ94: =MAX(V94:AI94) -> 0.022415132
... A123: Zn | B123: Algebraic | C123: 100 | D123: -1779.9774 | E123: -2.1592802 | F123: -345.83802 | G123: -41.803121 | H123: -36.830615 | I123: -4.77489 | J123: -3.1954138 | K123: -0.54567389 | L123: -0.35195285 | T123: =ABS(D123-SUMIFS($D$2:$D$205,$A$2:$A$205,$A123,$B$2:$B$205,$B123,$C$2:$C$205,100)) -> 0 | U123: =ABS(E123-SUMIFS($E$2:$E$205,$A$2:$A$205,$A123,$B$2:$B$205,$B123,$C$2:$C$205,100)) -> 0 | V123: =IF(ISBLANK(F123),"",ABS(F123-SUMIFS($F$2:$F$205,$A$2:$A$205,$A123,$B$2:$B$205,$B123,$C$2:$C$205,100))) -> 0 | W123: =IF(ISBLANK(G123),"",ABS(G123-SUMIFS($G$2:$G$205,$A$2:$A$205,$A123,$B$2:$B$205,$B123,$C$2:$C$205,100))) -> 0 | X123: =IF(ISBLANK(H123),"",ABS(H123-SUMIFS($H$2:$H$205,$A$2:$A$205,$A123,$B$2:$B$205,$B123,$C$2:$C$205,100))) -> 0 | Y123: =IF(ISBLANK(I123),"",ABS(I123-SUMIFS($I$2:$I$205,$A$2:$A$205,$A123,$B$2:$B$205,$B123,$C$2:$C$205,100))) -> 0 | Z123: =IF(ISBLANK(J123),"",ABS(J123-SUMIFS($J$2:$J$205,$A$2:$A$205,$A123,$B$2:$B$205,$B123,$C$2:$C$205,100))) -> 0 | AA123: =IF(ISBLANK(K123),"",ABS(K123-SUMIFS($K$2:$K$205,$A$2:$A$205,$A123,$B$2:$B$205,$B123,$C$2:$C$205,100))) -> 0 | AB123: =IF(ISBLANK(L123),"",ABS(L123-SUMIFS($L$2:$L$205,$A$2:$A$205,$A123,$B$2:$B$205,$B123,$C$2:$C$205,100))) -> 0 | AC123: =IF(ISBLANK(M123),"",ABS(M123-SUMIFS($M$2:$M$205,$A$2:$A$205,$A123,$B$2:$B$205,$B123,$C$2:$C$205,100))) | AD123: =IF(ISBLANK(N123),"",ABS(N123-SUMIFS($N$2:$N$205,$A$2:$A$205,$A123,$B$2:$B$205,$B123,$C$2:$C$205,100))) | AE123: =IF(ISBLANK(O123),"",ABS(O123-SUMIFS($O$2:$O$205,$A$2:$A$205,$A123,$B$2:$B$205,$B123,$C$2:$C$205,100))) | AF123: =IF(ISBLANK(P123),"",ABS(P123-SUMIFS($P$2:$P$205,$A$2:$A$205,$A123,$B$2:$B$205,$B123,$C$2:$C$205,100))) | AG123: =IF(ISBLANK(Q123),"",ABS(Q123-SUMIFS($Q$2:$Q$205,$A$2:$A$205,$A123,$B$2:$B$205,$B123,$C$2:$C$205,100))) | AH123: =IF(ISBLANK(R123),"",ABS(R123-SUMIFS($R$2:$R$205,$A$2:$A$205,$A123,$B$2:$B$205,$B123,$C$2:$C$205,100))) | AI123: =IF(ISBLANK(S123),"",ABS(S123-SUMIFS($S$2:$S$205,$A$2:$A$205,$A123,$B$2:$B$205,$B123,$C$2:$C$205,100))) | AJ123: =MAX(V123:AI123) -> 0
A124: Mo | B124: Midpoint | C124: 5 | D124: -3977.7355 | E124: -3.0173173 | F124: -710.43387 | G124: -98.814958 | H124: -90.954326 | I124: -16.967393 | J124: -13.951166 | K124: -8.4551239 | L124: -2.2764692 | M124: -1.4295221 | N124: -0.21053865 | O124: -0.22669208 | T124: =ABS(D124-SUMIFS($D$2:$D$205,$A$2:$A$205,$A124,$B$2:$B$205,$B124,$C$2:$C$205,100)) -> 0.15182385 | U124: =ABS(E124-SUMIFS($E$2:$E$205,$A$2:$A$205,$A124,$B$2:$B$205,$B124,$C$2:$C$205,100)) -> 0.15585553 | V124: =IF(ISBLANK(F124),"",ABS(F124-SUMIFS($F$2:$F$205,$A$2:$A$205,$A124,$B$2:$B$205,$B124,$C$2:$C$205,100))) -> 0.035997878 | W124: =IF(ISBLANK(G124),"",ABS(G124-SUMIFS($G$2:$G$205,$A$2:$A$205,$A124,$B$2:$B$205,$B124,$C$2:$C$205,100))) -> 0.076491745 | X124: =IF(ISBLANK(H124),"",ABS(H124-SUMIFS($H$2:$H$205,$A$2:$A$205,$A124,$B$2:$B$205,$B124,$C$2:$C$205,100))) -> 0.042022683 | Y124: =IF(ISBLANK(I124),"",ABS(I124-SUMIFS($I$2:$I$205,$A$2:$A$205,$A124,$B$2:$B$205,$B124,$C$2:$C$205,100))) -> 0.10237541 | Z124: =IF(ISBLANK(J124),"",ABS(J124-SUMIFS($J$2:$J$205,$A$2:$A$205,$A124,$B$2:$B$205,$B124,$C$2:$C$205,100))) -> 0.099347223 | AA124: =IF(ISBLANK(K124),"",ABS(K124-SUMIFS($K$2:$K$205,$A$2:$A$205,$A124,$B$2:$B$205,$B124,$C$2:$C$205,100))) -> 0.10731756 | AB124: =IF(ISBLANK(L124),"",ABS(L124-SUMIFS($L$2:$L$205,$A$2:$A$205,$A124,$B$2:$B$205,$B124,$C$2:$C$205,100))) -> 0.012105798 | AC124: =IF(ISBLANK(M124),"",ABS(M124-SUMIFS($M$2:$M$205,$A$2:$A$205,$A124,$B$2:$B$205,$B124,$C$2:$C$205,100))) -> 0.016904126 | AD124: =IF(ISBLANK(N124),"",ABS(N124-SUMIFS($N$2:$N$205,$A$2:$A$205,$A124,$B$2:$B$205,$B124,$C$2:$C$205,100))) -> 0.030875528 | AE124: =IF(ISBLANK(O124),"",ABS(O124-SUMIFS($O$2:$O$205,$A$2:$A$205,$A124,$B$2:$B$205,$B124,$C$2:$C$205,100))) -> 0.020001166 | AF124: =IF(ISBLANK(P124),"",ABS(P124-SUMIFS($P$2:$P$205,$A$2:$A$205,$A124,$B$2:$B$205,$B124,$C$2:$C$205,100))) | AG124: =IF(ISBLANK(Q124),"",ABS(Q124-SUMIFS($Q$2:$Q$205,$A$2:$A$205,$A124,$B$2:$B$205,$B124,$C$2:$C$205,100))) | AH124: =IF(ISBLANK(R124),"",ABS(R124-SUMIFS($R$2:$R$205,$A$2:$A$205,$A124,$B$2:$B$205,$B124,$C$2:$C$205,100))) | AI124: =IF(ISBLANK(S124),"",ABS(S124-SUMIFS($S$2:$S$205,$A$2:$A$205,$A124,$B$2:$B$205,$B124,$C$2:$C$205,100))) | AJ124: =MAX(V124:AI124) -> 0.10731756
A125: Mo | B125: Midpoint | C125: 10 | D125: -3977.5907 | E125: -2.8681111 | F125: -710.3996 | G125: -98.747628 | H125: -90.919243 | I125: -16.871372 | J125: -13.858428 | K125: -8.3560871 | L125: -2.2806732 | M125: -1.4298892 | N125: -0.19888585 | O125: -0.22137077 | T125: =ABS(D125-SUMIFS($D$2:$D$205,$A$2:$A$205,$A125,$B$2:$B$205,$B125,$C$2:$C$205,100)) -> 0.0070390095 | U125: =ABS(E125-SUMIFS($E$2:$E$205,$A$2:$A$205,$A125,$B$2:$B$205,$B125,$C$2:$C$205,100)) -> 0.0066492813 | V125: =IF(ISBLANK(F125),"",ABS(F125-SUMIFS($F$2:$F$205,$A$2:$A$205,$A125,$B$2:$B$205,$B125,$C$2:$C$205,100))) -> 0.0017321463 | W125: =IF(ISBLANK(G125),"",ABS(G125-SUMIFS($G$2:$G$205,$A$2:$A$205,$A125,$B$2:$B$205,$B125,$C$2:$C$205,100))) -> 0.0091618773 | X125: =IF(ISBLANK(H125),"",ABS(H125-SUMIFS($H$2:$H$205,$A$2:$A$205,$A125,$B$2:$B$205,$B125,$C$2:$C$205,100))) -> 0.0069392041 | Y125: =IF(ISBLANK(I125),"",ABS(I125-SUMIFS($I$2:$I$205,$A$2:$A$205,$A125,$B$2:$B$205,$B125,$C$2:$C$205,100))) -> 0.0063547988 | Z125: =IF(ISBLANK(J125),"",ABS(J125-SUMIFS($J$2:$J$205,$A$2:$A$205,$A125,$B$2:$B$205,$B125,$C$2:$C$205,100))) -> 0.0066099744 | AA125: =IF(ISBLANK(K125),"",ABS(K125-SUMIFS($K$2:$K$205,$A$2:$A$205,$A125,$B$2:$B$205,$B125,$C$2:$C$205,100))) -> 0.0082807251 | AB125: =IF(ISBLANK(L125),"",ABS(L125-SUMIFS($L$2:$L$205,$A$2:$A$205,$A125,$B$2:$B$205,$B125,$C$2:$C$205,100))) -> 0.016309824 | AC125: =IF(ISBLANK(M125),"",ABS(M125-SUMIFS($M$2:$M$205,$A$2:$A$205,$A125,$B$2:$B$205,$B125,$C$2:$C$205,100))) -> 0.01727126 | AD125: =IF(ISBLANK(N125),"",ABS(N125-SUMIFS($N$2:$N$205,$A$2:$A$205,$A125,$B$2:$B$205,$B125,$C$2:$C$205,100))) -> 0.01922273 | AE125: =IF(ISBLANK(O125),"",ABS(O125-SUMIFS($O$2:$O$205,$A$2:$A$205,$A125,$B$2:$B$205,$B125,$C$2:$C$205,100))) -> 0.014679855 | AF125: =IF(ISBLANK(P125),"",ABS(P125-SUMIFS($P$2:$P$205,$A$2:$A$205,$A125,$B$2:$B$205,$B125,$C$2:$C$205,100))) | AG125: =IF(ISBLANK(Q125),"",ABS(Q125-SUMIFS($Q$2:$Q$205,$A$2:$A$205,$A125,$B$2:$B$205,$B125,$C$2:$C$205,100))) | AH125: =IF(ISBLANK(R125),"",ABS(R125-SUMIFS($R$2:$R$205,$A$2:$A$205,$A125,$B$2:$B$205,$B125,$C$2:$C$205,100))) | AI125: =IF(ISBLANK(S125),"",ABS(S125-SUMIFS($S$2:$S$205,$A$2:$A$205,$A125,$B$2:$B$205,$B125,$C$2:$C$205,100))) | AJ125: =MAX(V125:AI125) -> 0.01922273
A126: Mo | B126: Midpoint | C126: 15 | D126: -3977.5849 | E126: -2.8624531 | F126: -710.40347 | G126: -98.744936 | H126: -90.918909 | I126: -16.87152 | J126: -13.858363 | K126: -8.3544034 | L126: -2.2729318 | M126: -1.4214246 | N126: -0.18872493 | O126: -0.21460811 | T126: =ABS(D126-SUMIFS($D$2:$D$205,$A$2:$A$205,$A126,$B$2:$B$205,$B126,$C$2:$C$205,100)) -> 0.001203637 | U126: =ABS(E126-SUMIFS($E$2:$E$205,$A$2:$A$205,$A126,$B$2:$B$205,$B126,$C$2:$C$205,100)) -> 0.00099133262 | V126: =IF(ISBLANK(F126),"",ABS(F126-SUMIFS($F$2:$F$205,$A$2:$A$205,$A126,$B$2:$B$205,$B126,$C$2:$C$205,100))) -> 0.0055999374 | W126: =IF(ISBLANK(G126),"",ABS(G126-SUMIFS($G$2:$G$205,$A$2:$A$205,$A126,$B$2:$B$205,$B126,$C$2:$C$205,100))) -> 0.0064693183 | X126: =IF(ISBLANK(H126),"",ABS(H126-SUMIFS($H$2:$H$205,$A$2:$A$205,$A126,$B$2:$B$205,$B126,$C$2:$C$205,100))) -> 0.0066053976 | Y126: =IF(ISBLANK(I126),"",ABS(I126-SUMIFS($I$2:$I$205,$A$2:$A$205,$A126,$B$2:$B$205,$B126,$C$2:$C$205,100))) -> 0.0065020403 | Z126: =IF(ISBLANK(J126),"",ABS(J126-SUMIFS($J$2:$J$205,$A$2:$A$205,$A126,$B$2:$B$205,$B126,$C$2:$C$205,100))) -> 0.0065448462 | AA126: =IF(ISBLANK(K126),"",ABS(K126-SUMIFS($K$2:$K$205,$A$2:$A$205,$A126,$B$2:$B$205,$B126,$C$2:$C$205,100))) -> 0.0065970803 | AB126: =IF(ISBLANK(L126),"",ABS(L126-SUMIFS($L$2:$L$205,$A$2:$A$205,$A126,$B$2:$B$205,$B126,$C$2:$C$205,100))) -> 0.0085683315 | AC126: =IF(ISBLANK(M126),"",ABS(M126-SUMIFS($M$2:$M$205,$A$2:$A$205,$A126,$B$2:$B$205,$B126,$C$2:$C$205,100))) -> 0.0088066408 | AD126: =IF(ISBLANK(N126),"",ABS(N126-SUMIFS($N$2:$N$205,$A$2:$A$205,$A126,$B$2:$B$205,$B126,$C$2:$C$205,100))) -> 0.0090618091 | AE126: =IF(ISBLANK(O126),"",ABS(O126-SUMIFS($O$2:$O$205,$A$2:$A$205,$A126,$B$2:$B$205,$B126,$C$2:$C$205,100))) -> 0.0079171933 | AF126: =IF(ISBLANK(P126),"",ABS(P126-SUMIFS($P$2:$P$205,$A$2:$A$205,$A126,$B$2:$B$205,$B126,$C$2:$C$205,100))) | AG126: =IF(ISBLANK(Q126),"",ABS(Q126-SUMIFS($Q$2:$Q$205,$A$2:$A$205,$A126,$B$2:$B$205,$B126,$C$2:$C$205,100))) | AH126: =IF(ISBLANK(R126),"",ABS(R126-SUMIFS($R$2:$R$205,$A$2:$A$205,$A126,$B$2:$B$205,$B126,$C$2:$C$205,100))) | AI126: =IF(ISBLANK(S126),"",ABS(S126-SUMIFS($S$2:$S$205,$A$2:$A$205,$A126,$B$2:$B$205,$B126,$C$2:$C$205,100))) | AJ126: =MAX(V126:AI126) -> 0.0090618091
A127: Mo | B127: Midpoint | C127: 20 | D127: -3977.5837 | E127: -2.8614493 | F127: -710.40078 | G127: -98.741335 | H127: -90.915235 | I127: -16.867898 | J127: -13.854705 | K127: -8.350676 | L127: -2.2672122 | M127: -1.4155197 | N127: -0.18261669 | O127: -0.20940011 | T127: =ABS(D127-SUMIFS($D$2:$D$205,$A$2:$A$205,$A127,$B$2:$B$205,$B127,$C$2:$C$205,100)) -> 6.2341478e-05 | U127: =ABS(E127-SUMIFS($E$2:$E$205,$A$2:$A$205,$A127,$B$2:$B$205,$B127,$C$2:$C$205,100)) -> 1.2483604e-05 | V127: =IF(ISBLANK(F127),"",ABS(F127-SUMIFS($F$2:$F$205,$A$2:$A$205,$A127,$B$2:$B$205,$B127,$C$2:$C$205,100))) -> 0.0029145563 | W127: =IF(ISBLANK(G127),"",ABS(G127-SUMIFS($G$2:$G$205,$A$2:$A$205,$A127,$B$2:$B$205,$B127,$C$2:$C$205,100))) -> 0.0028685053 | X127: =IF(ISBLANK(H127),"",ABS(H127-SUMIFS($H$2:$H$205,$A$2:$A$205,$A127,$B$2:$B$205,$B127,$C$2:$C$205,100))) -> 0.0029307748 | Y127: =IF(ISBLANK(I127),"",ABS(I127-SUMIFS($I$2:$I$205,$A$2:$A$205,$A127,$B$2:$B$205,$B127,$C$2:$C$205,100))) -> 0.0028805027 | Z127: =IF(ISBLANK(J127),"",ABS(J127-SUMIFS($J$2:$J$205,$A$2:$A$205,$A127,$B$2:$B$205,$B127,$C$2:$C$205,100))) -> 0.0028862642 | AA127: =IF(ISBLANK(K127),"",ABS(K127-SUMIFS($K$2:$K$205,$A$2:$A$205,$A127,$B$2:$B$205,$B127,$C$2:$C$205,100))) -> 0.0028696836 | AB127: =IF(ISBLANK(L127),"",ABS(L127-SUMIFS($L$2:$L$205,$A$2:$A$205,$A127,$B$2:$B$205,$B127,$C$2:$C$205,100))) -> 0.0028487381 | AC127: =IF(ISBLANK(M127),"",ABS(M127-SUMIFS($M$2:$M$205,$A$2:$A$205,$A127,$B$2:$B$205,$B127,$C$2:$C$205,100))) -> 0.0029017021 | AD127: =IF(ISBLANK(N127),"",ABS(N127-SUMIFS($N$2:$N$205,$A$2:$A$205,$A127,$B$2:$B$205,$B127,$C$2:$C$205,100))) -> 0.0029535699 | AE127: =IF(ISBLANK(O127),"",ABS(O127-SUMIFS($O$2:$O$205,$A$2:$A$205,$A127,$B$2:$B$205,$B127,$C$2:$C$205,100))) -> 0.0027091967 | AF127: =IF(ISBLANK(P127),"",ABS(P127-SUMIFS($P$2:$P$205,$A$2:$A$205,$A127,$B$2:$B$205,$B127,$C$2:$C$205,100))) | AG127: =IF(ISBLANK(Q127),"",ABS(Q127-SUMIFS($Q$2:$Q$205,$A$2:$A$205,$A127,$B$2:$B$205,$B127,$C$2:$C$205,100))) | AH127: =IF(ISBLANK(R127),"",ABS(R127-SUMIFS($R$2:$R$205,$A$2:$A$205,$A127,$B$2:$B$205,$B127,$C$2:$C$205,100))) | AI127: =IF(ISBLANK(S127),"",ABS(S127-SUMIFS($S$2:$S$205,$A$2:$A$205,$A127,$B$2:$B$205,$B127,$C$2:$C$205,100))) | AJ127: =MAX(V127:AI127) -> 0.0029535699
A128: Mo | B128: Midpoint | C128: 30 | D128: -3977.5836 | E128: -2.8614573 | F128: -710.39795 | G128: -98.738555 | H128: -90.912393 | I128: -16.865106 | J128: -13.851907 | K128: -8.3478947 | L128: -2.2644572 | M128: -1.4127133 | N128: -0.17976112 | O128: -0.20678208 | T128: =ABS(D128-SUMIFS($D$2:$D$205,$A$2:$A$205,$A128,$B$2:$B$205,$B128,$C$2:$C$205,100)) -> 2.7781721e-06 | U128: =ABS(E128-SUMIFS($E$2:$E$205,$A$2:$A$205,$A128,$B$2:$B$205,$B128,$C$2:$C$205,100)) -> 4.4982895e-06 | V128: =IF(ISBLANK(F128),"",ABS(F128-SUMIFS($F$2:$F$205,$A$2:$A$205,$A128,$B$2:$B$205,$B128,$C$2:$C$205,100))) -> 8.6070453e-05 | W128: =IF(ISBLANK(G128),"",ABS(G128-SUMIFS($G$2:$G$205,$A$2:$A$205,$A128,$B$2:$B$205,$B128,$C$2:$C$205,100))) -> 8.8334005e-05 | X128: =IF(ISBLANK(H128),"",ABS(H128-SUMIFS($H$2:$H$205,$A$2:$A$205,$A128,$B$2:$B$205,$B128,$C$2:$C$205,100))) -> 8.8801016e-05 | Y128: =IF(ISBLANK(I128),"",ABS(I128-SUMIFS($I$2:$I$205,$A$2:$A$205,$A128,$B$2:$B$205,$B128,$C$2:$C$205,100))) -> 8.7912813e-05 | Z128: =IF(ISBLANK(J128),"",ABS(J128-SUMIFS($J$2:$J$205,$A$2:$A$205,$A128,$B$2:$B$205,$B128,$C$2:$C$205,100))) -> 8.8108294e-05 | AA128: =IF(ISBLANK(K128),"",ABS(K128-SUMIFS($K$2:$K$205,$A$2:$A$205,$A128,$B$2:$B$205,$B128,$C$2:$C$205,100))) -> 8.8351998e-05 | AB128: =IF(ISBLANK(L128),"",ABS(L128-SUMIFS($L$2:$L$205,$A$2:$A$205,$A128,$B$2:$B$205,$B128,$C$2:$C$205,100))) -> 9.3789863e-05 | AC128: =IF(ISBLANK(M128),"",ABS(M128-SUMIFS($M$2:$M$205,$A$2:$A$205,$A128,$B$2:$B$205,$B128,$C$2:$C$205,100))) -> 9.5335359e-05 | AD128: =IF(ISBLANK(N128),"",ABS(N128-SUMIFS($N$2:$N$205,$A$2:$A$205,$A128,$B$2:$B$205,$B128,$C$2:$C$205,100))) -> 9.8003091e-05 | AE128: =IF(ISBLANK(O128),"",ABS(O128-SUMIFS($O$2:$O$205,$A$2:$A$205,$A128,$B$2:$B$205,$B128,$C$2:$C$205,100))) -> 9.1160401e-05 | AF128: =IF(ISBLANK(P128),"",ABS(P128-SUMIFS($P$2:$P$205,$A$2:$A$205,$A128,$B$2:$B$205,$B128,$C$2:$C$205,100))) | AG128: =IF(ISBLANK(Q128),"",ABS(Q128-SUMIFS($Q$2:$Q$205,$A$2:$A$205,$A128,$B$2:$B$205,$B128,$C$2:$C$205,100))) | AH128: =IF(ISBLANK(R128),"",ABS(R128-SUMIFS($R$2:$R$205,$A$2:$A$205,$A128,$B$2:$B$205,$B128,$C$2:$C$205,100))) | AI128: =IF(ISBLANK(S128),"",ABS(S128-SUMIFS($S$2:$S$205,$A$2:$A$205,$A128,$B$2:$B$205,$B128,$C$2:$C$205,100))) | AJ128: =MAX(V128:AI128) -> 9.8003091e-05
A129: Mo | B129: Midpoint | C129: 50 | D129: -3977.5836 | E129: -2.8614618 | F129: -710.39787 | G129: -98.738467 | H129: -90.912304 | I129: -16.865018 | J129: -13.851818 | K129: -8.3478064 | L129: -2.2643635 | M129: -1.412618 | N129: -0.17966316 | O129: -0.20669096 | T129: =ABS(D129-SUMIFS($D$2:$D$205,$A$2:$A$205,$A129,$B$2:$B$205,$B129,$C$2:$C$205,100)) -> 6.4119376e-11 | U129: =ABS(E129-SUMIFS($E$2:$E$205,$A$2:$A$205,$A129,$B$2:$B$205,$B129,$C$2:$C$205,100)) -> 6.7612982e-10 | V129: =IF(ISBLANK(F129),"",ABS(F129-SUMIFS($F$2:$F$205,$A$2:$A$205,$A129,$B$2:$B$205,$B129,$C$2:$C$205,100))) -> 4.0053237e-08 | W129: =IF(ISBLANK(G129),"",ABS(G129-SUMIFS($G$2:$G$205,$A$2:$A$205,$A129,$B$2:$B$205,$B129,$C$2:$C$205,100))) -> 4.0351196e-08 | X129: =IF(ISBLANK(H129),"",ABS(H129-SUMIFS($H$2:$H$205,$A$2:$A$205,$A129,$B$2:$B$205,$B129,$C$2:$C$205,100))) -> 4.023471e-08 | Y129: =IF(ISBLANK(I129),"",ABS(I129-SUMIFS($I$2:$I$205,$A$2:$A$205,$A129,$B$2:$B$205,$B129,$C$2:$C$205,100))) -> 4.035137e-08 | Z129: =IF(ISBLANK(J129),"",ABS(J129-SUMIFS($J$2:$J$205,$A$2:$A$205,$A129,$B$2:$B$205,$B129,$C$2:$C$205,100))) -> 4.023474e-08 | AA129: =IF(ISBLANK(K129),"",ABS(K129-SUMIFS($K$2:$K$205,$A$2:$A$205,$A129,$B$2:$B$205,$B129,$C$2:$C$205,100))) -> 4.1127059e-08 | AB129: =IF(ISBLANK(L129),"",ABS(L129-SUMIFS($L$2:$L$205,$A$2:$A$205,$A129,$B$2:$B$205,$B129,$C$2:$C$205,100))) -> 4.2130873e-08 | AC129: =IF(ISBLANK(M129),"",ABS(M129-SUMIFS($M$2:$M$205,$A$2:$A$205,$A129,$B$2:$B$205,$B129,$C$2:$C$205,100))) -> 4.2591141e-08 | AD129: =IF(ISBLANK(N129),"",ABS(N129-SUMIFS($N$2:$N$205,$A$2:$A$205,$A129,$B$2:$B$205,$B129,$C$2:$C$205,100))) -> 4.4109471e-08 | AE129: =IF(ISBLANK(O129),"",ABS(O129-SUMIFS($O$2:$O$205,$A$2:$A$205,$A129,$B$2:$B$205,$B129,$C$2:$C$205,100))) -> 4.0944562e-08 | AF129: =IF(ISBLANK(P129),"",ABS(P129-SUMIFS($P$2:$P$205,$A$2:$A$205,$A129,$B$2:$B$205,$B129,$C$2:$C$205,100))) | AG129: =IF(ISBLANK(Q129),"",ABS(Q129-SUMIFS($Q$2:$Q$205,$A$2:$A$205,$A129,$B$2:$B$205,$B129,$C$2:$C$205,100))) | AH129: =IF(ISBLANK(R129),"",ABS(R129-SUMIFS($R$2:$R$205,$A$2:$A$205,$A129,$B$2:$B$205,$B129,$C$2:$C$205,100))) | AI129: =IF(ISBLANK(S129),"",ABS(S129-SUMIFS($S$2:$S$205,$A$2:$A$205,$A129,$B$2:$B$205,$B129,$C$2:$C$205,100))) | AJ129: =MAX(V129:AI129) -> 4.4109471e-08
A130: Mo | B130: Midpoint | C130: 80 | D130: -3977.5836 | E130: -2.8614618 | F130: -710.39787 | G130: -98.738467 | H130: -90.912304 | I130: -16.865018 | J130: -13.851818 | K130: -8.3478063 | L130: -2.2643634 | M130: -1.412618 | N130: -0.17966312 | O130: -0.20669092 | T130: =ABS(D130-SUMIFS($D$2:$D$205,$A$2:$A$205,$A130,$B$2:$B$205,$B130,$C$2:$C$205,100)) -> 0 | U130: =ABS(E130-SUMIFS($E$2:$E$205,$A$2:$A$205,$A130,$B$2:$B$205,$B130,$C$2:$C$205,100)) -> 8.7529983e-13 | V130: =IF(ISBLANK(F130),"",ABS(F130-SUMIFS($F$2:$F$205,$A$2:$A$205,$A130,$B$2:$B$205,$B130,$C$2:$C$205,100))) -> 2.910383e-11 | W130: =IF(ISBLANK(G130),"",ABS(G130-SUMIFS($G$2:$G$205,$A$2:$A$205,$A130,$B$2:$B$205,$B130,$C$2:$C$205,100))) -> 2.910383e-11 | X130: =IF(ISBLANK(H130),"",ABS(H130-SUMIFS($H$2:$H$205,$A$2:$A$205,$A130,$B$2:$B$205,$B130,$C$2:$C$205,100))) -> 0 | Y130: =IF(ISBLANK(I130),"",ABS(I130-SUMIFS($I$2:$I$205,$A$2:$A$205,$A130,$B$2:$B$205,$B130,$C$2:$C$205,100))) -> 2.674696e-10 | Z130: =IF(ISBLANK(J130),"",ABS(J130-SUMIFS($J$2:$J$205,$A$2:$A$205,$A130,$B$2:$B$205,$B130,$C$2:$C$205,100))) -> 0 | AA130: =IF(ISBLANK(K130),"",ABS(K130-SUMIFS($K$2:$K$205,$A$2:$A$205,$A130,$B$2:$B$205,$B130,$C$2:$C$205,100))) -> 0 | AB130: =IF(ISBLANK(L130),"",ABS(L130-SUMIFS($L$2:$L$205,$A$2:$A$205,$A130,$B$2:$B$205,$B130,$C$2:$C$205,100))) -> 2.9104275e-11 | AC130: =IF(ISBLANK(M130),"",ABS(M130-SUMIFS($M$2:$M$205,$A$2:$A$205,$A130,$B$2:$B$205,$B130,$C$2:$C$205,100))) -> 0 | AD130: =IF(ISBLANK(N130),"",ABS(N130-SUMIFS($N$2:$N$205,$A$2:$A$205,$A130,$B$2:$B$205,$B130,$C$2:$C$205,100))) -> 0 | AE130: =IF(ISBLANK(O130),"",ABS(O130-SUMIFS($O$2:$O$205,$A$2:$A$205,$A130,$B$2:$B$205,$B130,$C$2:$C$205,100))) -> 2.9103803e-11 | AF130: =IF(ISBLANK(P130),"",ABS(P130-SUMIFS($P$2:$P$205,$A$2:$A$205,$A130,$B$2:$B$205,$B130,$C$2:$C$205,100))) | AG130: =IF(ISBLANK(Q130),"",ABS(Q130-SUMIFS($Q$2:$Q$205,$A$2:$A$205,$A130,$B$2:$B$205,$B130,$C$2:$C$205,100))) | AH130: =IF(ISBLANK(R130),"",ABS(R130-SUMIFS($R$2:$R$205,$A$2:$A$205,$A130,$B$2:$B$205,$B130,$C$2:$C$205,100))) | AI130: =IF(ISBLANK(S130),"",ABS(S130-SUMIFS($S$2:$S$205,$A$2:$A$205,$A130,$B$2:$B$205,$B130,$C$2:$C$205,100))) | AJ130: =MAX(V130:AI130) -> 2.674696e-10
A131: Mo | B131: Midpoint | C131: 100 | D131: -3977.5836 | E131: -2.8614618 | F131: -710.39787 | G131: -98.738467 | H131: -90.912304 | I131: -16.865018 | J131: -13.851818 | K131: -8.3478063 | L131: -2.2643634 | M131: -1.412618 | N131: -0.17966312 | O131: -0.20669092 | T131: =ABS(D131-SUMIFS($D$2:$D$205,$A$2:$A$205,$A131,$B$2:$B$205,$B131,$C$2:$C$205,100)) -> 0 | U131: =ABS(E131-SUMIFS($E$2:$E$205,$A$2:$A$205,$A131,$B$2:$B$205,$B131,$C$2:$C$205,100)) -> 0 | V131: =IF(ISBLANK(F131),"",ABS(F131-SUMIFS($F$2:$F$205,$A$2:$A$205,$A131,$B$2:$B$205,$B131,$C$2:$C$205,100))) -> 0 | W131: =IF(ISBLANK(G131),"",ABS(G131-SUMIFS($G$2:$G$205,$A$2:$A$205,$A131,$B$2:$B$205,$B131,$C$2:$C$205,100))) -> 0 | X131: =IF(ISBLANK(H131),"",ABS(H131-SUMIFS($H$2:$H$205,$A$2:$A$205,$A131,$B$2:$B$205,$B131,$C$2:$C$205,100))) -> 0 | Y131: =IF(ISBLANK(I131),"",ABS(I131-SUMIFS($I$2:$I$205,$A$2:$A$205,$A131,$B$2:$B$205,$B131,$C$2:$C$205,100))) -> 0 | Z131: =IF(ISBLANK(J131),"",ABS(J131-SUMIFS($J$2:$J$205,$A$2:$A$205,$A131,$B$2:$B$205,$B131,$C$2:$C$205,100))) -> 0 | AA131: =IF(ISBLANK(K131),"",ABS(K131-SUMIFS($K$2:$K$205,$A$2:$A$205,$A131,$B$2:$B$205,$B131,$C$2:$C$205,100))) -> 0 | AB131: =IF(ISBLANK(L131),"",ABS(L131-SUMIFS($L$2:$L$205,$A$2:$A$205,$A131,$B$2:$B$205,$B131,$C$2:$C$205,100))) -> 0 | AC131: =IF(ISBLANK(M131),"",ABS(M131-SUMIFS($M$2:$M$205,$A$2:$A$205,$A131,$B$2:$B$205,$B131,$C$2:$C$205,100))) -> 0 | AD131: =IF(ISBLANK(N131),"",ABS(N131-SUMIFS($N$2:$N$205,$A$2:$A$205,$A131,$B$2:$B$205,$B131,$C$2:$C$205,100))) -> 0 | AE131: =IF(ISBLANK(O131),"",ABS(O131-SUMIFS($O$2:$O$205,$A$2:$A$205,$A131,$B$2:$B$205,$B131,$C$2:$C$205,100))) -> 0 | AF131: =IF(ISBLANK(P131),"",ABS(P131-SUMIFS($P$2:$P$205,$A$2:$A$205,$A131,$B$2:$B$205,$B131,$C$2:$C$205,100))) | AG131: =IF(ISBLANK(Q131),"",ABS(Q131-SUMIFS($Q$2:$Q$205,$A$2:$A$205,$A131,$B$2:$B$205,$B131,$C$2:$C$205,100))) | AH131: =IF(ISBLANK(R131),"",ABS(R131-SUMIFS($R$2:$R$205,$A$2:$A$205,$A131,$B$2:$B$205,$B131,$C$2:$C$205,100))) | AI131: =IF(ISBLANK(S131),"",ABS(S131-SUMIFS($S$2:$S$205,$A$2:$A$205,$A131,$B$2:$B$205,$B131,$C$2:$C$205,100))) | AJ131: =MAX(V131:AI131) -> 0
A132: Mo | B132: Midpoint | C132: 150 | D132: -3977.5836 | E132: -2.8614618 | F132: -710.39787 | G132: -98.738467 | H132: -90.912304 | I132: -16.865018 | J132: -13.851818 | K132: -8.3478063 | L132: -2.2643634 | M132: -1.412618 | N132: -0.17966312 | O132: -0.20669092 | T132: =ABS(D132-SUMIFS($D$2:$D$205,$A$2:$A$205,$A132,$B$2:$B$205,$B132,$C$2:$C$205,100)) -> 0 | U132: =ABS(E132-SUMIFS($E$2:$E$205,$A$2:$A$205,$A132,$B$2:$B$205,$B132,$C$2:$C$205,100)) -> 4.9826809e-13 | V132: =IF(ISBLANK(F132),"",ABS(F132-SUMIFS($F$2:$F$205,$A$2:$A$205,$A132,$B$2:$B$205,$B132,$C$2:$C$205,100))) -> 0 | W132: =IF(ISBLANK(G132),"",ABS(G132-SUMIFS($G$2:$G$205,$A$2:$A$205,$A132,$B$2:$B$205,$B132,$C$2:$C$205,100))) -> 0 | X132: =IF(ISBLANK(H132),"",ABS(H132-SUMIFS($H$2:$H$205,$A$2:$A$205,$A132,$B$2:$B$205,$B132,$C$2:$C$205,100))) -> 9.4928509e-11 | Y132: =IF(ISBLANK(I132),"",ABS(I132-SUMIFS($I$2:$I$205,$A$2:$A$205,$A132,$B$2:$B$205,$B132,$C$2:$C$205,100))) -> 0 | Z132: =IF(ISBLANK(J132),"",ABS(J132-SUMIFS($J$2:$J$205,$A$2:$A$205,$A132,$B$2:$B$205,$B132,$C$2:$C$205,100))) -> 9.4940944e-11 | AA132: =IF(ISBLANK(K132),"",ABS(K132-SUMIFS($K$2:$K$205,$A$2:$A$205,$A132,$B$2:$B$205,$B132,$C$2:$C$205,100))) -> 0 | AB132: =IF(ISBLANK(L132),"",ABS(L132-SUMIFS($L$2:$L$205,$A$2:$A$205,$A132,$B$2:$B$205,$B132,$C$2:$C$205,100))) -> 0 | AC132: =IF(ISBLANK(M132),"",ABS(M132-SUMIFS($M$2:$M$205,$A$2:$A$205,$A132,$B$2:$B$205,$B132,$C$2:$C$205,100))) -> 9.4934949e-11 | AD132: =IF(ISBLANK(N132),"",ABS(N132-SUMIFS($N$2:$N$205,$A$2:$A$205,$A132,$B$2:$B$205,$B132,$C$2:$C$205,100))) -> 0 | AE132: =IF(ISBLANK(O132),"",ABS(O132-SUMIFS($O$2:$O$205,$A$2:$A$205,$A132,$B$2:$B$205,$B132,$C$2:$C$205,100))) -> 0 | AF132: =IF(ISBLANK(P132),"",ABS(P132-SUMIFS($P$2:$P$205,$A$2:$A$205,$A132,$B$2:$B$205,$B132,$C$2:$C$205,100))) | AG132: =IF(ISBLANK(Q132),"",ABS(Q132-SUMIFS($Q$2:$Q$205,$A$2:$A$205,$A132,$B$2:$B$205,$B132,$C$2:$C$205,100))) | AH132: =IF(ISBLANK(R132),"",ABS(R132-SUMIFS($R$2:$R$205,$A$2:$A$205,$A132,$B$2:$B$205,$B132,$C$2:$C$205,100))) | AI132: =IF(ISBLANK(S132),"",ABS(S132-SUMIFS($S$2:$S$205,$A$2:$A$205,$A132,$B$2:$B$205,$B132,$C$2:$C$205,100))) | AJ132: =MAX(V132:AI132) -> 9.4940944e-11
A133: Mo | B133: Trapezoidal | C133: 5 | D133: -3977.3119 | E133: -2.6364509 | F133: -710.34138 | G133: -98.536568 | H133: -90.740863 | I133: -16.656887 | J133: -13.646471 | K133: -8.1321171 | L133: -2.1858737 | M133: -1.3257332 | N133: -0.066791903 | O133: -0.10249882 | T133: =ABS(D133-SUMIFS($D$2:$D$205,$A$2:$A$205,$A133,$B$2:$B$205,$B133,$C$2:$C$205,100)) -> 0.2717778 | U133: =ABS(E133-SUMIFS($E$2:$E$205,$A$2:$A$205,$A133,$B$2:$B$205,$B133,$C$2:$C$205,100)) -> 0.22501085 | V133: =IF(ISBLANK(F133),"",ABS(F133-SUMIFS($F$2:$F$205,$A$2:$A$205,$A133,$B$2:$B$205,$B133,$C$2:$C$205,100))) -> 0.0564892 | W133: =IF(ISBLANK(G133),"",ABS(G133-SUMIFS($G$2:$G$205,$A$2:$A$205,$A133,$B$2:$B$205,$B133,$C$2:$C$205,100))) -> 0.20189818 | X133: =IF(ISBLANK(H133),"",ABS(H133-SUMIFS($H$2:$H$205,$A$2:$A$205,$A133,$B$2:$B$205,$B133,$C$2:$C$205,100))) -> 0.17144065 | Y133: =IF(ISBLANK(I133),"",ABS(I133-SUMIFS($I$2:$I$205,$A$2:$A$205,$A133,$B$2:$B$205,$B133,$C$2:$C$205,100))) -> 0.2081305 | Z133: =IF(ISBLANK(J133),"",ABS(J133-SUMIFS($J$2:$J$205,$A$2:$A$205,$A133,$B$2:$B$205,$B133,$C$2:$C$205,100))) -> 0.2053477 | AA133: =IF(ISBLANK(K133),"",ABS(K133-SUMIFS($K$2:$K$205,$A$2:$A$205,$A133,$B$2:$B$205,$B133,$C$2:$C$205,100))) -> 0.21568923 | AB133: =IF(ISBLANK(L133),"",ABS(L133-SUMIFS($L$2:$L$205,$A$2:$A$205,$A133,$B$2:$B$205,$B133,$C$2:$C$205,100))) -> 0.078489696 | AC133: =IF(ISBLANK(M133),"",ABS(M133-SUMIFS($M$2:$M$205,$A$2:$A$205,$A133,$B$2:$B$205,$B133,$C$2:$C$205,100))) -> 0.086884755 | AD133: =IF(ISBLANK(N133),"",ABS(N133-SUMIFS($N$2:$N$205,$A$2:$A$205,$A133,$B$2:$B$205,$B133,$C$2:$C$205,100))) -> 0.11287122 | AE133: =IF(ISBLANK(O133),"",ABS(O133-SUMIFS($O$2:$O$205,$A$2:$A$205,$A133,$B$2:$B$205,$B133,$C$2:$C$205,100))) -> 0.1041921 | AF133: =IF(ISBLANK(P133),"",ABS(P133-SUMIFS($P$2:$P$205,$A$2:$A$205,$A133,$B$2:$B$205,$B133,$C$2:$C$205,100))) | AG133: =IF(ISBLANK(Q133),"",ABS(Q133-SUMIFS($Q$2:$Q$205,$A$2:$A$205,$A133,$B$2:$B$205,$B133,$C$2:$C$205,100))) | AH133: =IF(ISBLANK(R133),"",ABS(R133-SUMIFS($R$2:$R$205,$A$2:$A$205,$A133,$B$2:$B$205,$B133,$C$2:$C$205,100))) | AI133: =IF(ISBLANK(S133),"",ABS(S133-SUMIFS($S$2:$S$205,$A$2:$A$205,$A133,$B$2:$B$205,$B133,$C$2:$C$205,100))) | AJ133: =MAX(V133:AI133) -> 0.21568923
A134: Mo | B134: Trapezoidal | C134: 10 | D134: -3977.5066 | E134: -2.7884451 | F134: -710.35066 | G134: -98.694637 | H134: -90.86881 | I134: -16.828823 | J134: -13.816283 | K134: -8.3126324 | L134: -2.2407222 | M134: -1.3872315 | N134: -0.15154049 | O134: -0.18501188 | T134: =ABS(D134-SUMIFS($D$2:$D$205,$A$2:$A$205,$A134,$B$2:$B$205,$B134,$C$2:$C$205,100)) -> 0.077025695 | U134: =ABS(E134-SUMIFS($E$2:$E$205,$A$2:$A$205,$A134,$B$2:$B$205,$B134,$C$2:$C$205,100)) -> 0.073016647 | V134: =IF(ISBLANK(F134),"",ABS(F134-SUMIFS($F$2:$F$205,$A$2:$A$205,$A134,$B$2:$B$205,$B134,$C$2:$C$205,100))) -> 0.047204192 | W134: =IF(ISBLANK(G134),"",ABS(G134-SUMIFS($G$2:$G$205,$A$2:$A$205,$A134,$B$2:$B$205,$B134,$C$2:$C$205,100))) -> 0.043829101 | X134: =IF(ISBLANK(H134),"",ABS(H134-SUMIFS($H$2:$H$205,$A$2:$A$205,$A134,$B$2:$B$205,$B134,$C$2:$C$205,100))) -> 0.043493375 | Y134: =IF(ISBLANK(I134),"",ABS(I134-SUMIFS($I$2:$I$205,$A$2:$A$205,$A134,$B$2:$B$205,$B134,$C$2:$C$205,100))) -> 0.036194336 | Z134: =IF(ISBLANK(J134),"",ABS(J134-SUMIFS($J$2:$J$205,$A$2:$A$205,$A134,$B$2:$B$205,$B134,$C$2:$C$205,100))) -> 0.035535347 | AA134: =IF(ISBLANK(K134),"",ABS(K134-SUMIFS($K$2:$K$205,$A$2:$A$205,$A134,$B$2:$B$205,$B134,$C$2:$C$205,100))) -> 0.035173975 | AB134: =IF(ISBLANK(L134),"",ABS(L134-SUMIFS($L$2:$L$205,$A$2:$A$205,$A134,$B$2:$B$205,$B134,$C$2:$C$205,100))) -> 0.023641247 | AC134: =IF(ISBLANK(M134),"",ABS(M134-SUMIFS($M$2:$M$205,$A$2:$A$205,$A134,$B$2:$B$205,$B134,$C$2:$C$205,100))) -> 0.025386445 | AD134: =IF(ISBLANK(N134),"",ABS(N134-SUMIFS($N$2:$N$205,$A$2:$A$205,$A134,$B$2:$B$205,$B134,$C$2:$C$205,100))) -> 0.02812263 | AE134: =IF(ISBLANK(O134),"",ABS(O134-SUMIFS($O$2:$O$205,$A$2:$A$205,$A134,$B$2:$B$205,$B134,$C$2:$C$205,100))) -> 0.021679041 | AF134: =IF(ISBLANK(P134),"",ABS(P134-SUMIFS($P$2:$P$205,$A$2:$A$205,$A134,$B$2:$B$205,$B134,$C$2:$C$205,100))) | AG134: =IF(ISBLANK(Q134),"",ABS(Q134-SUMIFS($Q$2:$Q$205,$A$2:$A$205,$A134,$B$2:$B$205,$B134,$C$2:$C$205,100))) | AH134: =IF(ISBLANK(R134),"",ABS(R134-SUMIFS($R$2:$R$205,$A$2:$A$205,$A134,$B$2:$B$205,$B134,$C$2:$C$205,100))) | AI134: =IF(ISBLANK(S134),"",ABS(S134-SUMIFS($S$2:$S$205,$A$2:$A$205,$A134,$B$2:$B$205,$B134,$C$2:$C$205,100))) | AJ134: =MAX(V134:AI134) -> 0.047204192
A135: Mo | B135: Trapezoidal | C135: 15 | D135: -3977.5848 | E135: -2.8630321 | F135: -710.3917 | G135: -98.732969 | H135: -90.905976 | I135: -16.860896 | J135: -13.84755 | K135: -8.3435005 | L135: -2.2555054 | M135: -1.4035239 | N135: -0.17024589 | O135: -0.19866955 | T135: =ABS(D135-SUMIFS($D$2:$D$205,$A$2:$A$205,$A135,$B$2:$B$205,$B135,$C$2:$C$205,100)) -> 0.0011720476 | U135: =ABS(E135-SUMIFS($E$2:$E$205,$A$2:$A$205,$A135,$B$2:$B$205,$B135,$C$2:$C$205,100)) -> 0.0015702977 | V135: =IF(ISBLANK(F135),"",ABS(F135-SUMIFS($F$2:$F$205,$A$2:$A$205,$A135,$B$2:$B$205,$B135,$C$2:$C$205,100))) -> 0.0061645531 | W135: =IF(ISBLANK(G135),"",ABS(G135-SUMIFS($G$2:$G$205,$A$2:$A$205,$A135,$B$2:$B$205,$B135,$C$2:$C$205,100))) -> 0.0054973756 | X135: =IF(ISBLANK(H135),"",ABS(H135-SUMIFS($H$2:$H$205,$A$2:$A$205,$A135,$B$2:$B$205,$B135,$C$2:$C$205,100))) -> 0.0063273115 | Y135: =IF(ISBLANK(I135),"",ABS(I135-SUMIFS($I$2:$I$205,$A$2:$A$205,$A135,$B$2:$B$205,$B135,$C$2:$C$205,100))) -> 0.0041216423 | Z135: =IF(ISBLANK(J135),"",ABS(J135-SUMIFS($J$2:$J$205,$A$2:$A$205,$A135,$B$2:$B$205,$B135,$C$2:$C$205,100))) -> 0.0042688304 | AA135: =IF(ISBLANK(K135),"",ABS(K135-SUMIFS($K$2:$K$205,$A$2:$A$205,$A135,$B$2:$B$205,$B135,$C$2:$C$205,100))) -> 0.0043058479 | AB135: =IF(ISBLANK(L135),"",ABS(L135-SUMIFS($L$2:$L$205,$A$2:$A$205,$A135,$B$2:$B$205,$B135,$C$2:$C$205,100))) -> 0.0088580551 | AC135: =IF(ISBLANK(M135),"",ABS(M135-SUMIFS($M$2:$M$205,$A$2:$A$205,$A135,$B$2:$B$205,$B135,$C$2:$C$205,100))) -> 0.009094012 | AD135: =IF(ISBLANK(N135),"",ABS(N135-SUMIFS($N$2:$N$205,$A$2:$A$205,$A135,$B$2:$B$205,$B135,$C$2:$C$205,100))) -> 0.0094172328 | AE135: =IF(ISBLANK(O135),"",ABS(O135-SUMIFS($O$2:$O$205,$A$2:$A$205,$A135,$B$2:$B$205,$B135,$C$2:$C$205,100))) -> 0.0080213673 | AF135: =IF(ISBLANK(P135),"",ABS(P135-SUMIFS($P$2:$P$205,$A$2:$A$205,$A135,$B$2:$B$205,$B135,$C$2:$C$205,100))) | AG135: =IF(ISBLANK(Q135),"",ABS(Q135-SUMIFS($Q$2:$Q$205,$A$2:$A$205,$A135,$B$2:$B$205,$B135,$C$2:$C$205,100))) | AH135: =IF(ISBLANK(R135),"",ABS(R135-SUMIFS($R$2:$R$205,$A$2:$A$205,$A135,$B$2:$B$205,$B135,$C$2:$C$205,100))) | AI135: =IF(ISBLANK(S135),"",ABS(S135-SUMIFS($S$2:$S$205,$A$2:$A$205,$A135,$B$2:$B$205,$B135,$C$2:$C$205,100))) | AJ135: =MAX(V135:AI135) -> 0.0094172328
... A164: Mo | B164: Algebraic | C164: 100 | D164: -3977.5847 | E164: -2.8625169 | F164: -710.39881 | G164: -98.738528 | H164: -90.9123 | I164: -16.865028 | J164: -13.851818 | K164: -8.3478052 | L164: -2.2643651 | M164: -1.412618 | N164: -0.17966305 | O164: -0.20669101 | T164: =ABS(D164-SUMIFS($D$2:$D$205,$A$2:$A$205,$A164,$B$2:$B$205,$B164,$C$2:$C$205,100)) -> 0 | U164: =ABS(E164-SUMIFS($E$2:$E$205,$A$2:$A$205,$A164,$B$2:$B$205,$B164,$C$2:$C$205,100)) -> 0 | V164: =IF(ISBLANK(F164),"",ABS(F164-SUMIFS($F$2:$F$205,$A$2:$A$205,$A164,$B$2:$B$205,$B164,$C$2:$C$205,100))) -> 0 | W164: =IF(ISBLANK(G164),"",ABS(G164-SUMIFS($G$2:$G$205,$A$2:$A$205,$A164,$B$2:$B$205,$B164,$C$2:$C$205,100))) -> 0 | X164: =IF(ISBLANK(H164),"",ABS(H164-SUMIFS($H$2:$H$205,$A$2:$A$205,$A164,$B$2:$B$205,$B164,$C$2:$C$205,100))) -> 0 | Y164: =IF(ISBLANK(I164),"",ABS(I164-SUMIFS($I$2:$I$205,$A$2:$A$205,$A164,$B$2:$B$205,$B164,$C$2:$C$205,100))) -> 0 | Z164: =IF(ISBLANK(J164),"",ABS(J164-SUMIFS($J$2:$J$205,$A$2:$A$205,$A164,$B$2:$B$205,$B164,$C$2:$C$205,100))) -> 0 | AA164: =IF(ISBLANK(K164),"",ABS(K164-SUMIFS($K$2:$K$205,$A$2:$A$205,$A164,$B$2:$B$205,$B164,$C$2:$C$205,100))) -> 0 | AB164: =IF(ISBLANK(L164),"",ABS(L164-SUMIFS($L$2:$L$205,$A$2:$A$205,$A164,$B$2:$B$205,$B164,$C$2:$C$205,100))) -> 0 | AC164: =IF(ISBLANK(M164),"",ABS(M164-SUMIFS($M$2:$M$205,$A$2:$A$205,$A164,$B$2:$B$205,$B164,$C$2:$C$205,100))) -> 0 | AD164: =IF(ISBLANK(N164),"",ABS(N164-SUMIFS($N$2:$N$205,$A$2:$A$205,$A164,$B$2:$B$205,$B164,$C$2:$C$205,100))) -> 0 | AE164: =IF(ISBLANK(O164),"",ABS(O164-SUMIFS($O$2:$O$205,$A$2:$A$205,$A164,$B$2:$B$205,$B164,$C$2:$C$205,100))) -> 0 | AF164: =IF(ISBLANK(P164),"",ABS(P164-SUMIFS($P$2:$P$205,$A$2:$A$205,$A164,$B$2:$B$205,$B164,$C$2:$C$205,100))) | AG164: =IF(ISBLANK(Q164),"",ABS(Q164-SUMIFS($Q$2:$Q$205,$A$2:$A$205,$A164,$B$2:$B$205,$B164,$C$2:$C$205,100))) | AH164: =IF(ISBLANK(R164),"",ABS(R164-SUMIFS($R$2:$R$205,$A$2:$A$205,$A164,$B$2:$B$205,$B164,$C$2:$C$205,100))) | AI164: =IF(ISBLANK(S164),"",ABS(S164-SUMIFS($S$2:$S$205,$A$2:$A$205,$A164,$B$2:$B$205,$B164,$C$2:$C$205,100))) | AJ164: =MAX(V164:AI164) -> 0
A165: Au | B165: Midpoint | C165: 5 | D165: -17871.117 | E165: -5.8343929 | F165: -2685.7531 | G165: -448.23558 | H165: -430.89108 | I165: -105.026 | J165: -96.841042 | K165: -81.58068 | L165: -22.356307 | M165: -18.820407 | N165: -12.326308 | O165: -3.6379344 | P165: -3.1531714 | Q165: -2.0449021 | R165: -0.36016811 | S165: -0.21312521 | T165: =ABS(D165-SUMIFS($D$2:$D$205,$A$2:$A$205,$A165,$B$2:$B$205,$B165,$C$2:$C$205,100)) -> 0.049692612 | U165: =ABS(E165-SUMIFS($E$2:$E$205,$A$2:$A$205,$A165,$B$2:$B$205,$B165,$C$2:$C$205,100)) -> 0.037624202 | V165: =IF(ISBLANK(F165),"",ABS(F165-SUMIFS($F$2:$F$205,$A$2:$A$205,$A165,$B$2:$B$205,$B165,$C$2:$C$205,100))) -> 0.016587816 | W165: =IF(ISBLANK(G165),"",ABS(G165-SUMIFS($G$2:$G$205,$A$2:$A$205,$A165,$B$2:$B$205,$B165,$C$2:$C$205,100))) -> 0.031776397 | X165: =IF(ISBLANK(H165),"",ABS(H165-SUMIFS($H$2:$H$205,$A$2:$A$205,$A165,$B$2:$B$205,$B165,$C$2:$C$205,100))) -> 0.018321276 | Y165: =IF(ISBLANK(I165),"",ABS(I165-SUMIFS($I$2:$I$205,$A$2:$A$205,$A165,$B$2:$B$205,$B165,$C$2:$C$205,100))) -> 0.034507992 | Z165: =IF(ISBLANK(J165),"",ABS(J165-SUMIFS($J$2:$J$205,$A$2:$A$205,$A165,$B$2:$B$205,$B165,$C$2:$C$205,100))) -> 0.02687238 | AA165: =IF(ISBLANK(K165),"",ABS(K165-SUMIFS($K$2:$K$205,$A$2:$A$205,$A165,$B$2:$B$205,$B165,$C$2:$C$205,100))) -> 0.0014657302 | AB165: =IF(ISBLANK(L165),"",ABS(L165-SUMIFS($L$2:$L$205,$A$2:$A$205,$A165,$B$2:$B$205,$B165,$C$2:$C$205,100))) -> 0.08544434 | AC165: =IF(ISBLANK(M165),"",ABS(M165-SUMIFS($M$2:$M$205,$A$2:$A$205,$A165,$B$2:$B$205,$B165,$C$2:$C$205,100))) -> 0.083273365 | AD165: =IF(ISBLANK(N165),"",ABS(N165-SUMIFS($N$2:$N$205,$A$2:$A$205,$A165,$B$2:$B$205,$B165,$C$2:$C$205,100))) -> 0.078245774 | AE165: =IF(ISBLANK(O165),"",ABS(O165-SUMIFS($O$2:$O$205,$A$2:$A$205,$A165,$B$2:$B$205,$B165,$C$2:$C$205,100))) -> 0.073832244 | AF165: =IF(ISBLANK(P165),"",ABS(P165-SUMIFS($P$2:$P$205,$A$2:$A$205,$A165,$B$2:$B$205,$B165,$C$2:$C$205,100))) -> 0.0057379919 | AG165: =IF(ISBLANK(Q165),"",ABS(Q165-SUMIFS($Q$2:$Q$205,$A$2:$A$205,$A165,$B$2:$B$205,$B165,$C$2:$C$205,100))) -> 0.003820418 | AH165: =IF(ISBLANK(R165),"",ABS(R165-SUMIFS($R$2:$R$205,$A$2:$A$205,$A165,$B$2:$B$205,$B165,$C$2:$C$205,100))) -> 0.007209865 | AI165: =IF(ISBLANK(S165),"",ABS(S165-SUMIFS($S$2:$S$205,$A$2:$A$205,$A165,$B$2:$B$205,$B165,$C$2:$C$205,100))) -> 0.0092695845 | AJ165: =MAX(V165:AI165) -> 0.08544434
A166: Au | B166: Midpoint | C166: 10 | D166: -17871.198 | E166: -5.9044044 | F166: -2685.7633 | G166: -448.29222 | H166: -430.93424 | I166: -105.01318 | J166: -96.835431 | K166: -81.603258 | L166: -22.292003 | M166: -18.75824 | N166: -12.26919 | O166: -3.5846647 | P166: -3.1701903 | Q166: -2.0600368 | R166: -0.36530602 | S166: -0.21345481 | T166: =ABS(D166-SUMIFS($D$2:$D$205,$A$2:$A$205,$A166,$B$2:$B$205,$B166,$C$2:$C$205,100)) -> 0.031228194 | U166: =ABS(E166-SUMIFS($E$2:$E$205,$A$2:$A$205,$A166,$B$2:$B$205,$B166,$C$2:$C$205,100)) -> 0.032387228 | V166: =IF(ISBLANK(F166),"",ABS(F166-SUMIFS($F$2:$F$205,$A$2:$A$205,$A166,$B$2:$B$205,$B166,$C$2:$C$205,100))) -> 0.026835802 | W166: =IF(ISBLANK(G166),"",ABS(G166-SUMIFS($G$2:$G$205,$A$2:$A$205,$A166,$B$2:$B$205,$B166,$C$2:$C$205,100))) -> 0.024864451 | X166: =IF(ISBLANK(H166),"",ABS(H166-SUMIFS($H$2:$H$205,$A$2:$A$205,$A166,$B$2:$B$205,$B166,$C$2:$C$205,100))) -> 0.024841216 | Y166: =IF(ISBLANK(I166),"",ABS(I166-SUMIFS($I$2:$I$205,$A$2:$A$205,$A166,$B$2:$B$205,$B166,$C$2:$C$205,100))) -> 0.021688635 | Z166: =IF(ISBLANK(J166),"",ABS(J166-SUMIFS($J$2:$J$205,$A$2:$A$205,$A166,$B$2:$B$205,$B166,$C$2:$C$205,100))) -> 0.021260542 | AA166: =IF(ISBLANK(K166),"",ABS(K166-SUMIFS($K$2:$K$205,$A$2:$A$205,$A166,$B$2:$B$205,$B166,$C$2:$C$205,100))) -> 0.021112217 | AB166: =IF(ISBLANK(L166),"",ABS(L166-SUMIFS($L$2:$L$205,$A$2:$A$205,$A166,$B$2:$B$205,$B166,$C$2:$C$205,100))) -> 0.021140441 | AC166: =IF(ISBLANK(M166),"",ABS(M166-SUMIFS($M$2:$M$205,$A$2:$A$205,$A166,$B$2:$B$205,$B166,$C$2:$C$205,100))) -> 0.021105988 | AD166: =IF(ISBLANK(N166),"",ABS(N166-SUMIFS($N$2:$N$205,$A$2:$A$205,$A166,$B$2:$B$205,$B166,$C$2:$C$205,100))) -> 0.021127824 | AE166: =IF(ISBLANK(O166),"",ABS(O166-SUMIFS($O$2:$O$205,$A$2:$A$205,$A166,$B$2:$B$205,$B166,$C$2:$C$205,100))) -> 0.020562575 | AF166: =IF(ISBLANK(P166),"",ABS(P166-SUMIFS($P$2:$P$205,$A$2:$A$205,$A166,$B$2:$B$205,$B166,$C$2:$C$205,100))) -> 0.011280942 | AG166: =IF(ISBLANK(Q166),"",ABS(Q166-SUMIFS($Q$2:$Q$205,$A$2:$A$205,$A166,$B$2:$B$205,$B166,$C$2:$C$205,100))) -> 0.011314221 | AH166: =IF(ISBLANK(R166),"",ABS(R166-SUMIFS($R$2:$R$205,$A$2:$A$205,$A166,$B$2:$B$205,$B166,$C$2:$C$205,100))) -> 0.012347771 | AI166: =IF(ISBLANK(S166),"",ABS(S166-SUMIFS($S$2:$S$205,$A$2:$A$205,$A166,$B$2:$B$205,$B166,$C$2:$C$205,100))) -> 0.0095991865 | AJ166: =MAX(V166:AI166) -> 0.026835802
A167: Au | B167: Midpoint | C167: 15 | D167: -17871.168 | E167: -5.8737691 | F167: -2685.7492 | G167: -448.28143 | H167: -430.9233 | I167: -105.00499 | J167: -96.827663 | K167: -81.595836 | L167: -22.283826 | M167: -18.750058 | N167: -12.260956 | O167: -3.5769416 | P167: -3.1715376 | Q167: -2.061269 | R167: -0.36546629 | S167: -0.21626291 | T167: =ABS(D167-SUMIFS($D$2:$D$205,$A$2:$A$205,$A167,$B$2:$B$205,$B167,$C$2:$C$205,100)) -> 0.0010073713 | U167: =ABS(E167-SUMIFS($E$2:$E$205,$A$2:$A$205,$A167,$B$2:$B$205,$B167,$C$2:$C$205,100)) -> 0.0017519503 | V167: =IF(ISBLANK(F167),"",ABS(F167-SUMIFS($F$2:$F$205,$A$2:$A$205,$A167,$B$2:$B$205,$B167,$C$2:$C$205,100))) -> 0.012652891 | W167: =IF(ISBLANK(G167),"",ABS(G167-SUMIFS($G$2:$G$205,$A$2:$A$205,$A167,$B$2:$B$205,$B167,$C$2:$C$205,100))) -> 0.014071379 | X167: =IF(ISBLANK(H167),"",ABS(H167-SUMIFS($H$2:$H$205,$A$2:$A$205,$A167,$B$2:$B$205,$B167,$C$2:$C$205,100))) -> 0.013892854 | Y167: =IF(ISBLANK(I167),"",ABS(I167-SUMIFS($I$2:$I$205,$A$2:$A$205,$A167,$B$2:$B$205,$B167,$C$2:$C$205,100))) -> 0.013497918 | Z167: =IF(ISBLANK(J167),"",ABS(J167-SUMIFS($J$2:$J$205,$A$2:$A$205,$A167,$B$2:$B$205,$B167,$C$2:$C$205,100))) -> 0.013493113 | AA167: =IF(ISBLANK(K167),"",ABS(K167-SUMIFS($K$2:$K$205,$A$2:$A$205,$A167,$B$2:$B$205,$B167,$C$2:$C$205,100))) -> 0.013689938 | AB167: =IF(ISBLANK(L167),"",ABS(L167-SUMIFS($L$2:$L$205,$A$2:$A$205,$A167,$B$2:$B$205,$B167,$C$2:$C$205,100))) -> 0.012962728 | AC167: =IF(ISBLANK(M167),"",ABS(M167-SUMIFS($M$2:$M$205,$A$2:$A$205,$A167,$B$2:$B$205,$B167,$C$2:$C$205,100))) -> 0.012924046 | AD167: =IF(ISBLANK(N167),"",ABS(N167-SUMIFS($N$2:$N$205,$A$2:$A$205,$A167,$B$2:$B$205,$B167,$C$2:$C$205,100))) -> 0.012893592 | AE167: =IF(ISBLANK(O167),"",ABS(O167-SUMIFS($O$2:$O$205,$A$2:$A$205,$A167,$B$2:$B$205,$B167,$C$2:$C$205,100))) -> 0.012839444 | AF167: =IF(ISBLANK(P167),"",ABS(P167-SUMIFS($P$2:$P$205,$A$2:$A$205,$A167,$B$2:$B$205,$B167,$C$2:$C$205,100))) -> 0.01262822 | AG167: =IF(ISBLANK(Q167),"",ABS(Q167-SUMIFS($Q$2:$Q$205,$A$2:$A$205,$A167,$B$2:$B$205,$B167,$C$2:$C$205,100))) -> 0.012546432 | AH167: =IF(ISBLANK(R167),"",ABS(R167-SUMIFS($R$2:$R$205,$A$2:$A$205,$A167,$B$2:$B$205,$B167,$C$2:$C$205,100))) -> 0.012508042 | AI167: =IF(ISBLANK(S167),"",ABS(S167-SUMIFS($S$2:$S$205,$A$2:$A$205,$A167,$B$2:$B$205,$B167,$C$2:$C$205,100))) -> 0.012407288 | AJ167: =MAX(V167:AI167) -> 0.014071379
A168: Au | B168: Midpoint | C168: 20 | D168: -17871.166 | E168: -5.8720484 | F168: -2685.7405 | G168: -448.2713 | H168: -430.91333 | I168: -104.9954 | J168: -96.818071 | K168: -81.586052 | L168: -22.274787 | M168: -18.741056 | N168: -12.251985 | O168: -3.5680185 | P168: -3.1627699 | Q168: -2.0525743 | R168: -0.35681903 | S168: -0.20768477 | T168: =ABS(D168-SUMIFS($D$2:$D$205,$A$2:$A$205,$A168,$B$2:$B$205,$B168,$C$2:$C$205,100)) -> 0.00011104124 | U168: =ABS(E168-SUMIFS($E$2:$E$205,$A$2:$A$205,$A168,$B$2:$B$205,$B168,$C$2:$C$205,100)) -> 3.1262979e-05 | V168: =IF(ISBLANK(F168),"",ABS(F168-SUMIFS($F$2:$F$205,$A$2:$A$205,$A168,$B$2:$B$205,$B168,$C$2:$C$205,100))) -> 0.0039923624 | W168: =IF(ISBLANK(G168),"",ABS(G168-SUMIFS($G$2:$G$205,$A$2:$A$205,$A168,$B$2:$B$205,$B168,$C$2:$C$205,100))) -> 0.003949271 | X168: =IF(ISBLANK(H168),"",ABS(H168-SUMIFS($H$2:$H$205,$A$2:$A$205,$A168,$B$2:$B$205,$B168,$C$2:$C$205,100))) -> 0.003929716 | Y168: =IF(ISBLANK(I168),"",ABS(I168-SUMIFS($I$2:$I$205,$A$2:$A$205,$A168,$B$2:$B$205,$B168,$C$2:$C$205,100))) -> 0.0039071144 | Z168: =IF(ISBLANK(J168),"",ABS(J168-SUMIFS($J$2:$J$205,$A$2:$A$205,$A168,$B$2:$B$205,$B168,$C$2:$C$205,100))) -> 0.0039006972 | AA168: =IF(ISBLANK(K168),"",ABS(K168-SUMIFS($K$2:$K$205,$A$2:$A$205,$A168,$B$2:$B$205,$B168,$C$2:$C$205,100))) -> 0.0039064164 | AB168: =IF(ISBLANK(L168),"",ABS(L168-SUMIFS($L$2:$L$205,$A$2:$A$205,$A168,$B$2:$B$205,$B168,$C$2:$C$205,100))) -> 0.0039237367 | AC168: =IF(ISBLANK(M168),"",ABS(M168-SUMIFS($M$2:$M$205,$A$2:$A$205,$A168,$B$2:$B$205,$B168,$C$2:$C$205,100))) -> 0.0039222571 | AD168: =IF(ISBLANK(N168),"",ABS(N168-SUMIFS($N$2:$N$205,$A$2:$A$205,$A168,$B$2:$B$205,$B168,$C$2:$C$205,100))) -> 0.00392299 | AE168: =IF(ISBLANK(O168),"",ABS(O168-SUMIFS($O$2:$O$205,$A$2:$A$205,$A168,$B$2:$B$205,$B168,$C$2:$C$205,100))) -> 0.0039163615 | AF168: =IF(ISBLANK(P168),"",ABS(P168-SUMIFS($P$2:$P$205,$A$2:$A$205,$A168,$B$2:$B$205,$B168,$C$2:$C$205,100))) -> 0.0038605023 | AG168: =IF(ISBLANK(Q168),"",ABS(Q168-SUMIFS($Q$2:$Q$205,$A$2:$A$205,$A168,$B$2:$B$205,$B168,$C$2:$C$205,100))) -> 0.0038517336 | AH168: =IF(ISBLANK(R168),"",ABS(R168-SUMIFS($R$2:$R$205,$A$2:$A$205,$A168,$B$2:$B$205,$B168,$C$2:$C$205,100))) -> 0.0038607863 | AI168: =IF(ISBLANK(S168),"",ABS(S168-SUMIFS($S$2:$S$205,$A$2:$A$205,$A168,$B$2:$B$205,$B168,$C$2:$C$205,100))) -> 0.0038291461 | AJ168: =MAX(V168:AI168) -> 0.0039923624
A169: Au | B169: Midpoint | C169: 30 | D169: -17871.167 | E169: -5.8720215 | F169: -2685.7366 | G169: -448.26747 | H169: -430.90952 | I169: -104.99161 | J169: -96.814286 | K169: -81.582262 | L169: -22.270979 | M169: -18.737249 | N169: -12.248178 | O169: -3.564218 | P169: -3.1590249 | Q169: -2.048838 | R169: -0.3530741 | S169: -0.20396965 | T169: =ABS(D169-SUMIFS($D$2:$D$205,$A$2:$A$205,$A169,$B$2:$B$205,$B169,$C$2:$C$205,100)) -> 9.7015072e-07 | U169: =ABS(E169-SUMIFS($E$2:$E$205,$A$2:$A$205,$A169,$B$2:$B$205,$B169,$C$2:$C$205,100)) -> 4.3796515e-06 | V169: =IF(ISBLANK(F169),"",ABS(F169-SUMIFS($F$2:$F$205,$A$2:$A$205,$A169,$B$2:$B$205,$B169,$C$2:$C$205,100))) -> 0.00011584204 | W169: =IF(ISBLANK(G169),"",ABS(G169-SUMIFS($G$2:$G$205,$A$2:$A$205,$A169,$B$2:$B$205,$B169,$C$2:$C$205,100))) -> 0.00011530564 | X169: =IF(ISBLANK(H169),"",ABS(H169-SUMIFS($H$2:$H$205,$A$2:$A$205,$A169,$B$2:$B$205,$B169,$C$2:$C$205,100))) -> 0.00011488075 | Y169: =IF(ISBLANK(I169),"",ABS(I169-SUMIFS($I$2:$I$205,$A$2:$A$205,$A169,$B$2:$B$205,$B169,$C$2:$C$205,100))) -> 0.00011598039 | Z169: =IF(ISBLANK(J169),"",ABS(J169-SUMIFS($J$2:$J$205,$A$2:$A$205,$A169,$B$2:$B$205,$B169,$C$2:$C$205,100))) -> 0.00011592255 | AA169: =IF(ISBLANK(K169),"",ABS(K169-SUMIFS($K$2:$K$205,$A$2:$A$205,$A169,$B$2:$B$205,$B169,$C$2:$C$205,100))) -> 0.00011590567 | AB169: =IF(ISBLANK(L169),"",ABS(L169-SUMIFS($L$2:$L$205,$A$2:$A$205,$A169,$B$2:$B$205,$B169,$C$2:$C$205,100))) -> 0.00011575229 | AC169: =IF(ISBLANK(M169),"",ABS(M169-SUMIFS($M$2:$M$205,$A$2:$A$205,$A169,$B$2:$B$205,$B169,$C$2:$C$205,100))) -> 0.00011574694 | AD169: =IF(ISBLANK(N169),"",ABS(N169-SUMIFS($N$2:$N$205,$A$2:$A$205,$A169,$B$2:$B$205,$B169,$C$2:$C$205,100))) -> 0.00011576091 | AE169: =IF(ISBLANK(O169),"",ABS(O169-SUMIFS($O$2:$O$205,$A$2:$A$205,$A169,$B$2:$B$205,$B169,$C$2:$C$205,100))) -> 0.00011582242 | AF169: =IF(ISBLANK(P169),"",ABS(P169-SUMIFS($P$2:$P$205,$A$2:$A$205,$A169,$B$2:$B$205,$B169,$C$2:$C$205,100))) -> 0.00011552038 | AG169: =IF(ISBLANK(Q169),"",ABS(Q169-SUMIFS($Q$2:$Q$205,$A$2:$A$205,$A169,$B$2:$B$205,$B169,$C$2:$C$205,100))) -> 0.00011548486 | AH169: =IF(ISBLANK(R169),"",ABS(R169-SUMIFS($R$2:$R$205,$A$2:$A$205,$A169,$B$2:$B$205,$B169,$C$2:$C$205,100))) -> 0.00011585199 | AI169: =IF(ISBLANK(S169),"",ABS(S169-SUMIFS($S$2:$S$205,$A$2:$A$205,$A169,$B$2:$B$205,$B169,$C$2:$C$205,100))) -> 0.00011402749 | AJ169: =MAX(V169:AI169) -> 0.00011598039
A170: Au | B170: Midpoint | C170: 50 | D170: -17871.167 | E170: -5.8720171 | F170: -2685.7365 | G170: -448.26735 | H170: -430.9094 | I170: -104.99149 | J170: -96.81417 | K170: -81.582146 | L170: -22.270863 | M170: -18.737134 | N170: -12.248062 | O170: -3.5641022 | P170: -3.1589094 | Q170: -2.0487226 | R170: -0.35295825 | S170: -0.20385562 | T170: =ABS(D170-SUMIFS($D$2:$D$205,$A$2:$A$205,$A170,$B$2:$B$205,$B170,$C$2:$C$205,100)) -> 0 | U170: =ABS(E170-SUMIFS($E$2:$E$205,$A$2:$A$205,$A170,$B$2:$B$205,$B170,$C$2:$C$205,100)) -> 6.6994055e-10 | V170: =IF(ISBLANK(F170),"",ABS(F170-SUMIFS($F$2:$F$205,$A$2:$A$205,$A170,$B$2:$B$205,$B170,$C$2:$C$205,100))) -> 3.1104719e-10 | W170: =IF(ISBLANK(G170),"",ABS(G170-SUMIFS($G$2:$G$205,$A$2:$A$205,$A170,$B$2:$B$205,$B170,$C$2:$C$205,100))) -> 1.5847945e-10 | X170: =IF(ISBLANK(H170),"",ABS(H170-SUMIFS($H$2:$H$205,$A$2:$A$205,$A170,$B$2:$B$205,$B170,$C$2:$C$205,100))) -> 6.3096195e-11 | Y170: =IF(ISBLANK(I170),"",ABS(I170-SUMIFS($I$2:$I$205,$A$2:$A$205,$A170,$B$2:$B$205,$B170,$C$2:$C$205,100))) -> 4.6769344e-10 | Z170: =IF(ISBLANK(J170),"",ABS(J170-SUMIFS($J$2:$J$205,$A$2:$A$205,$A170,$B$2:$B$205,$B170,$C$2:$C$205,100))) -> 5.3250915e-10 | AA170: =IF(ISBLANK(K170),"",ABS(K170-SUMIFS($K$2:$K$205,$A$2:$A$205,$A170,$B$2:$B$205,$B170,$C$2:$C$205,100))) -> 1.7053878e-09 | AB170: =IF(ISBLANK(L170),"",ABS(L170-SUMIFS($L$2:$L$205,$A$2:$A$205,$A170,$B$2:$B$205,$B170,$C$2:$C$205,100))) -> 4.677112e-10 | AC170: =IF(ISBLANK(M170),"",ABS(M170-SUMIFS($M$2:$M$205,$A$2:$A$205,$A170,$B$2:$B$205,$B170,$C$2:$C$205,100))) -> 5.3249849e-10 | AD170: =IF(ISBLANK(N170),"",ABS(N170-SUMIFS($N$2:$N$205,$A$2:$A$205,$A170,$B$2:$B$205,$B170,$C$2:$C$205,100))) -> 2.1239899e-10 | AE170: =IF(ISBLANK(O170),"",ABS(O170-SUMIFS($O$2:$O$205,$A$2:$A$205,$A170,$B$2:$B$205,$B170,$C$2:$C$205,100))) -> 4.6566084e-10 | AF170: =IF(ISBLANK(P170),"",ABS(P170-SUMIFS($P$2:$P$205,$A$2:$A$205,$A170,$B$2:$B$205,$B170,$C$2:$C$205,100))) -> 4.6772985e-10 | AG170: =IF(ISBLANK(Q170),"",ABS(Q170-SUMIFS($Q$2:$Q$205,$A$2:$A$205,$A170,$B$2:$B$205,$B170,$C$2:$C$205,100))) -> 5.3248916e-10 | AH170: =IF(ISBLANK(R170),"",ABS(R170-SUMIFS($R$2:$R$205,$A$2:$A$205,$A170,$B$2:$B$205,$B170,$C$2:$C$205,100))) -> 2.123916e-10 | AI170: =IF(ISBLANK(S170),"",ABS(S170-SUMIFS($S$2:$S$205,$A$2:$A$205,$A170,$B$2:$B$205,$B170,$C$2:$C$205,100))) -> 7.764665e-10 | AJ170: =MAX(V170:AI170) -> 1.7053878e-09
A171: Au | B171: Midpoint | C171: 80 | D171: -17871.167 | E171: -5.8720171 | F171: -2685.7365 | G171: -448.26735 | H171: -430.9094 | I171: -104.99149 | J171: -96.81417 | K171: -81.582146 | L171: -22.270863 | M171: -18.737134 | N171: -12.248062 | O171: -3.5641022 | P171: -3.1589094 | Q171: -2.0487226 | R171: -0.35295825 | S171: -0.20385562 | T171: =ABS(D171-SUMIFS($D$2:$D$205,$A$2:$A$205,$A171,$B$2:$B$205,$B171,$C$2:$C$205,100)) -> 0 | U171: =ABS(E171-SUMIFS($E$2:$E$205,$A$2:$A$205,$A171,$B$2:$B$205,$B171,$C$2:$C$205,100)) -> 1.9042545e-12 | V171: =IF(ISBLANK(F171),"",ABS(F171-SUMIFS($F$2:$F$205,$A$2:$A$205,$A171,$B$2:$B$205,$B171,$C$2:$C$205,100))) -> 8.6856744e-11 | W171: =IF(ISBLANK(G171),"",ABS(G171-SUMIFS($G$2:$G$205,$A$2:$A$205,$A171,$B$2:$B$205,$B171,$C$2:$C$205,100))) -> 6.7586825e-11 | X171: =IF(ISBLANK(H171),"",ABS(H171-SUMIFS($H$2:$H$205,$A$2:$A$205,$A171,$B$2:$B$205,$B171,$C$2:$C$205,100))) -> 3.4975756e-10 | Y171: =IF(ISBLANK(I171),"",ABS(I171-SUMIFS($I$2:$I$205,$A$2:$A$205,$A171,$B$2:$B$205,$B171,$C$2:$C$205,100))) -> 8.6799901e-11 | Z171: =IF(ISBLANK(J171),"",ABS(J171-SUMIFS($J$2:$J$205,$A$2:$A$205,$A171,$B$2:$B$205,$B171,$C$2:$C$205,100))) -> 3.4988545e-10 | AA171: =IF(ISBLANK(K171),"",ABS(K171-SUMIFS($K$2:$K$205,$A$2:$A$205,$A171,$B$2:$B$205,$B171,$C$2:$C$205,100))) -> 2.3283064e-10 | AB171: =IF(ISBLANK(L171),"",ABS(L171-SUMIFS($L$2:$L$205,$A$2:$A$205,$A171,$B$2:$B$205,$B171,$C$2:$C$205,100))) -> 6.7608141e-11 | AC171: =IF(ISBLANK(M171),"",ABS(M171-SUMIFS($M$2:$M$205,$A$2:$A$205,$A171,$B$2:$B$205,$B171,$C$2:$C$205,100))) -> 2.4581936e-10 | AD171: =IF(ISBLANK(N171),"",ABS(N171-SUMIFS($N$2:$N$205,$A$2:$A$205,$A171,$B$2:$B$205,$B171,$C$2:$C$205,100))) -> 2.3282887e-10 | AE171: =IF(ISBLANK(O171),"",ABS(O171-SUMIFS($O$2:$O$205,$A$2:$A$205,$A171,$B$2:$B$205,$B171,$C$2:$C$205,100))) -> 0 | AF171: =IF(ISBLANK(P171),"",ABS(P171-SUMIFS($P$2:$P$205,$A$2:$A$205,$A171,$B$2:$B$205,$B171,$C$2:$C$205,100))) -> 6.7613026e-11 | AG171: =IF(ISBLANK(Q171),"",ABS(Q171-SUMIFS($Q$2:$Q$205,$A$2:$A$205,$A171,$B$2:$B$205,$B171,$C$2:$C$205,100))) -> 2.4581004e-10 | AH171: =IF(ISBLANK(R171),"",ABS(R171-SUMIFS($R$2:$R$205,$A$2:$A$205,$A171,$B$2:$B$205,$B171,$C$2:$C$205,100))) -> 2.3283059e-10 | AI171: =IF(ISBLANK(S171),"",ABS(S171-SUMIFS($S$2:$S$205,$A$2:$A$205,$A171,$B$2:$B$205,$B171,$C$2:$C$205,100))) -> 6.7611694e-11 | AJ171: =MAX(V171:AI171) -> 3.4988545e-10
A172: Au | B172: Midpoint | C172: 100 | D172: -17871.167 | E172: -5.8720171 | F172: -2685.7365 | G172: -448.26735 | H172: -430.9094 | I172: -104.99149 | J172: -96.81417 | K172: -81.582146 | L172: -22.270863 | M172: -18.737134 | N172: -12.248062 | O172: -3.5641022 | P172: -3.1589094 | Q172: -2.0487226 | R172: -0.35295825 | S172: -0.20385562 | T172: =ABS(D172-SUMIFS($D$2:$D$205,$A$2:$A$205,$A172,$B$2:$B$205,$B172,$C$2:$C$205,100)) -> 0 | U172: =ABS(E172-SUMIFS($E$2:$E$205,$A$2:$A$205,$A172,$B$2:$B$205,$B172,$C$2:$C$205,100)) -> 0 | V172: =IF(ISBLANK(F172),"",ABS(F172-SUMIFS($F$2:$F$205,$A$2:$A$205,$A172,$B$2:$B$205,$B172,$C$2:$C$205,100))) -> 0 | W172: =IF(ISBLANK(G172),"",ABS(G172-SUMIFS($G$2:$G$205,$A$2:$A$205,$A172,$B$2:$B$205,$B172,$C$2:$C$205,100))) -> 0 | X172: =IF(ISBLANK(H172),"",ABS(H172-SUMIFS($H$2:$H$205,$A$2:$A$205,$A172,$B$2:$B$205,$B172,$C$2:$C$205,100))) -> 0 | Y172: =IF(ISBLANK(I172),"",ABS(I172-SUMIFS($I$2:$I$205,$A$2:$A$205,$A172,$B$2:$B$205,$B172,$C$2:$C$205,100))) -> 0 | Z172: =IF(ISBLANK(J172),"",ABS(J172-SUMIFS($J$2:$J$205,$A$2:$A$205,$A172,$B$2:$B$205,$B172,$C$2:$C$205,100))) -> 0 | AA172: =IF(ISBLANK(K172),"",ABS(K172-SUMIFS($K$2:$K$205,$A$2:$A$205,$A172,$B$2:$B$205,$B172,$C$2:$C$205,100))) -> 0 | AB172: =IF(ISBLANK(L172),"",ABS(L172-SUMIFS($L$2:$L$205,$A$2:$A$205,$A172,$B$2:$B$205,$B172,$C$2:$C$205,100))) -> 0 | AC172: =IF(ISBLANK(M172),"",ABS(M172-SUMIFS($M$2:$M$205,$A$2:$A$205,$A172,$B$2:$B$205,$B172,$C$2:$C$205,100))) -> 0 | AD172: =IF(ISBLANK(N172),"",ABS(N172-SUMIFS($N$2:$N$205,$A$2:$A$205,$A172,$B$2:$B$205,$B172,$C$2:$C$205,100))) -> 0 | AE172: =IF(ISBLANK(O172),"",ABS(O172-SUMIFS($O$2:$O$205,$A$2:$A$205,$A172,$B$2:$B$205,$B172,$C$2:$C$205,100))) -> 0 | AF172: =IF(ISBLANK(P172),"",ABS(P172-SUMIFS($P$2:$P$205,$A$2:$A$205,$A172,$B$2:$B$205,$B172,$C$2:$C$205,100))) -> 0 | AG172: =IF(ISBLANK(Q172),"",ABS(Q172-SUMIFS($Q$2:$Q$205,$A$2:$A$205,$A172,$B$2:$B$205,$B172,$C$2:$C$205,100))) -> 0 | AH172: =IF(ISBLANK(R172),"",ABS(R172-SUMIFS($R$2:$R$205,$A$2:$A$205,$A172,$B$2:$B$205,$B172,$C$2:$C$205,100))) -> 0 | AI172: =IF(ISBLANK(S172),"",ABS(S172-SUMIFS($S$2:$S$205,$A$2:$A$205,$A172,$B$2:$B$205,$B172,$C$2:$C$205,100))) -> 0 | AJ172: =MAX(V172:AI172) -> 0
A173: Au | B173: Midpoint | C173: 150 | D173: -17871.167 | E173: -5.8720171 | F173: -2685.7365 | G173: -448.26735 | H173: -430.9094 | I173: -104.99149 | J173: -96.81417 | K173: -81.582146 | L173: -22.270863 | M173: -18.737134 | N173: -12.248062 | O173: -3.5641022 | P173: -3.1589094 | Q173: -2.0487226 | R173: -0.35295825 | S173: -0.20385562 | T173: =ABS(D173-SUMIFS($D$2:$D$205,$A$2:$A$205,$A173,$B$2:$B$205,$B173,$C$2:$C$205,100)) -> 0 | U173: =ABS(E173-SUMIFS($E$2:$E$205,$A$2:$A$205,$A173,$B$2:$B$205,$B173,$C$2:$C$205,100)) -> 1.6431301e-12 | V173: =IF(ISBLANK(F173),"",ABS(F173-SUMIFS($F$2:$F$205,$A$2:$A$205,$A173,$B$2:$B$205,$B173,$C$2:$C$205,100))) -> 8.6856744e-11 | W173: =IF(ISBLANK(G173),"",ABS(G173-SUMIFS($G$2:$G$205,$A$2:$A$205,$A173,$B$2:$B$205,$B173,$C$2:$C$205,100))) -> 6.7586825e-11 | X173: =IF(ISBLANK(H173),"",ABS(H173-SUMIFS($H$2:$H$205,$A$2:$A$205,$A173,$B$2:$B$205,$B173,$C$2:$C$205,100))) -> 0 | Y173: =IF(ISBLANK(I173),"",ABS(I173-SUMIFS($I$2:$I$205,$A$2:$A$205,$A173,$B$2:$B$205,$B173,$C$2:$C$205,100))) -> 8.6799901e-11 | Z173: =IF(ISBLANK(J173),"",ABS(J173-SUMIFS($J$2:$J$205,$A$2:$A$205,$A173,$B$2:$B$205,$B173,$C$2:$C$205,100))) -> 0 | AA173: =IF(ISBLANK(K173),"",ABS(K173-SUMIFS($K$2:$K$205,$A$2:$A$205,$A173,$B$2:$B$205,$B173,$C$2:$C$205,100))) -> 0 | AB173: =IF(ISBLANK(L173),"",ABS(L173-SUMIFS($L$2:$L$205,$A$2:$A$205,$A173,$B$2:$B$205,$B173,$C$2:$C$205,100))) -> 6.7608141e-11 | AC173: =IF(ISBLANK(M173),"",ABS(M173-SUMIFS($M$2:$M$205,$A$2:$A$205,$A173,$B$2:$B$205,$B173,$C$2:$C$205,100))) -> 0 | AD173: =IF(ISBLANK(N173),"",ABS(N173-SUMIFS($N$2:$N$205,$A$2:$A$205,$A173,$B$2:$B$205,$B173,$C$2:$C$205,100))) -> 0 | AE173: =IF(ISBLANK(O173),"",ABS(O173-SUMIFS($O$2:$O$205,$A$2:$A$205,$A173,$B$2:$B$205,$B173,$C$2:$C$205,100))) -> 0 | AF173: =IF(ISBLANK(P173),"",ABS(P173-SUMIFS($P$2:$P$205,$A$2:$A$205,$A173,$B$2:$B$205,$B173,$C$2:$C$205,100))) -> 6.7613026e-11 | AG173: =IF(ISBLANK(Q173),"",ABS(Q173-SUMIFS($Q$2:$Q$205,$A$2:$A$205,$A173,$B$2:$B$205,$B173,$C$2:$C$205,100))) -> 0 | AH173: =IF(ISBLANK(R173),"",ABS(R173-SUMIFS($R$2:$R$205,$A$2:$A$205,$A173,$B$2:$B$205,$B173,$C$2:$C$205,100))) -> 0 | AI173: =IF(ISBLANK(S173),"",ABS(S173-SUMIFS($S$2:$S$205,$A$2:$A$205,$A173,$B$2:$B$205,$B173,$C$2:$C$205,100))) -> 6.7611694e-11 | AJ173: =MAX(V173:AI173) -> 8.6856744e-11
A174: Au | B174: Trapezoidal | C174: 5 | D174: -17871.313 | E174: -6.035014 | F174: -2685.7352 | G174: -448.2142 | H174: -430.88957 | I174: -104.9208 | J174: -96.74602 | K174: -81.502152 | L174: -22.149842 | M174: -18.619774 | N174: -12.135658 | O174: -3.4663081 | P174: -3.1106578 | Q174: -1.9953359 | R174: -0.28155156 | S174: -0.1366382 | T174: =ABS(D174-SUMIFS($D$2:$D$205,$A$2:$A$205,$A174,$B$2:$B$205,$B174,$C$2:$C$205,100)) -> 0.14676344 | U174: =ABS(E174-SUMIFS($E$2:$E$205,$A$2:$A$205,$A174,$B$2:$B$205,$B174,$C$2:$C$205,100)) -> 0.16299685 | V174: =IF(ISBLANK(F174),"",ABS(F174-SUMIFS($F$2:$F$205,$A$2:$A$205,$A174,$B$2:$B$205,$B174,$C$2:$C$205,100))) -> 0.0013446945 | W174: =IF(ISBLANK(G174),"",ABS(G174-SUMIFS($G$2:$G$205,$A$2:$A$205,$A174,$B$2:$B$205,$B174,$C$2:$C$205,100))) -> 0.053156642 | X174: =IF(ISBLANK(H174),"",ABS(H174-SUMIFS($H$2:$H$205,$A$2:$A$205,$A174,$B$2:$B$205,$B174,$C$2:$C$205,100))) -> 0.01983077 | Y174: =IF(ISBLANK(I174),"",ABS(I174-SUMIFS($I$2:$I$205,$A$2:$A$205,$A174,$B$2:$B$205,$B174,$C$2:$C$205,100))) -> 0.070695015 | Z174: =IF(ISBLANK(J174),"",ABS(J174-SUMIFS($J$2:$J$205,$A$2:$A$205,$A174,$B$2:$B$205,$B174,$C$2:$C$205,100))) -> 0.068149678 | AA174: =IF(ISBLANK(K174),"",ABS(K174-SUMIFS($K$2:$K$205,$A$2:$A$205,$A174,$B$2:$B$205,$B174,$C$2:$C$205,100))) -> 0.079993692 | AB174: =IF(ISBLANK(L174),"",ABS(L174-SUMIFS($L$2:$L$205,$A$2:$A$205,$A174,$B$2:$B$205,$B174,$C$2:$C$205,100))) -> 0.12102087 | AC174: =IF(ISBLANK(M174),"",ABS(M174-SUMIFS($M$2:$M$205,$A$2:$A$205,$A174,$B$2:$B$205,$B174,$C$2:$C$205,100))) -> 0.11735987 | AD174: =IF(ISBLANK(N174),"",ABS(N174-SUMIFS($N$2:$N$205,$A$2:$A$205,$A174,$B$2:$B$205,$B174,$C$2:$C$205,100))) -> 0.11240465 | AE174: =IF(ISBLANK(O174),"",ABS(O174-SUMIFS($O$2:$O$205,$A$2:$A$205,$A174,$B$2:$B$205,$B174,$C$2:$C$205,100))) -> 0.097794115 | AF174: =IF(ISBLANK(P174),"",ABS(P174-SUMIFS($P$2:$P$205,$A$2:$A$205,$A174,$B$2:$B$205,$B174,$C$2:$C$205,100))) -> 0.048251554 | AG174: =IF(ISBLANK(Q174),"",ABS(Q174-SUMIFS($Q$2:$Q$205,$A$2:$A$205,$A174,$B$2:$B$205,$B174,$C$2:$C$205,100))) -> 0.053386662 | AH174: =IF(ISBLANK(R174),"",ABS(R174-SUMIFS($R$2:$R$205,$A$2:$A$205,$A174,$B$2:$B$205,$B174,$C$2:$C$205,100))) -> 0.07140669 | AI174: =IF(ISBLANK(S174),"",ABS(S174-SUMIFS($S$2:$S$205,$A$2:$A$205,$A174,$B$2:$B$205,$B174,$C$2:$C$205,100))) -> 0.06721742 | AJ174: =MAX(V174:AI174) -> 0.12102087
A175: Au | B175: Trapezoidal | C175: 10 | D175: -17871.142 | E175: -5.8487617 | F175: -2685.7117 | G175: -448.22789 | H175: -430.87356 | I175: -104.9557 | J175: -96.777898 | K175: -81.542484 | L175: -22.230744 | M175: -18.69736 | N175: -12.209062 | O175: -3.5281464 | P175: -3.1364267 | Q175: -2.0252412 | R175: -0.3275607 | S175: -0.18127428 | T175: =ABS(D175-SUMIFS($D$2:$D$205,$A$2:$A$205,$A175,$B$2:$B$205,$B175,$C$2:$C$205,100)) -> 0.024163585 | U175: =ABS(E175-SUMIFS($E$2:$E$205,$A$2:$A$205,$A175,$B$2:$B$205,$B175,$C$2:$C$205,100)) -> 0.023255413 | V175: =IF(ISBLANK(F175),"",ABS(F175-SUMIFS($F$2:$F$205,$A$2:$A$205,$A175,$B$2:$B$205,$B175,$C$2:$C$205,100))) -> 0.024764147 | W175: =IF(ISBLANK(G175),"",ABS(G175-SUMIFS($G$2:$G$205,$A$2:$A$205,$A175,$B$2:$B$205,$B175,$C$2:$C$205,100))) -> 0.039467463 | X175: =IF(ISBLANK(H175),"",ABS(H175-SUMIFS($H$2:$H$205,$A$2:$A$205,$A175,$B$2:$B$205,$B175,$C$2:$C$205,100))) -> 0.035845799 | Y175: =IF(ISBLANK(I175),"",ABS(I175-SUMIFS($I$2:$I$205,$A$2:$A$205,$A175,$B$2:$B$205,$B175,$C$2:$C$205,100))) -> 0.035791054 | Z175: =IF(ISBLANK(J175),"",ABS(J175-SUMIFS($J$2:$J$205,$A$2:$A$205,$A175,$B$2:$B$205,$B175,$C$2:$C$205,100))) -> 0.03627228 | AA175: =IF(ISBLANK(K175),"",ABS(K175-SUMIFS($K$2:$K$205,$A$2:$A$205,$A175,$B$2:$B$205,$B175,$C$2:$C$205,100))) -> 0.039662173 | AB175: =IF(ISBLANK(L175),"",ABS(L175-SUMIFS($L$2:$L$205,$A$2:$A$205,$A175,$B$2:$B$205,$B175,$C$2:$C$205,100))) -> 0.04011856 | AC175: =IF(ISBLANK(M175),"",ABS(M175-SUMIFS($M$2:$M$205,$A$2:$A$205,$A175,$B$2:$B$205,$B175,$C$2:$C$205,100))) -> 0.039773328 | AD175: =IF(ISBLANK(N175),"",ABS(N175-SUMIFS($N$2:$N$205,$A$2:$A$205,$A175,$B$2:$B$205,$B175,$C$2:$C$205,100))) -> 0.039000041 | AE175: =IF(ISBLANK(O175),"",ABS(O175-SUMIFS($O$2:$O$205,$A$2:$A$205,$A175,$B$2:$B$205,$B175,$C$2:$C$205,100))) -> 0.035955762 | AF175: =IF(ISBLANK(P175),"",ABS(P175-SUMIFS($P$2:$P$205,$A$2:$A$205,$A175,$B$2:$B$205,$B175,$C$2:$C$205,100))) -> 0.022482705 | AG175: =IF(ISBLANK(Q175),"",ABS(Q175-SUMIFS($Q$2:$Q$205,$A$2:$A$205,$A175,$B$2:$B$205,$B175,$C$2:$C$205,100))) -> 0.023481371 | AH175: =IF(ISBLANK(R175),"",ABS(R175-SUMIFS($R$2:$R$205,$A$2:$A$205,$A175,$B$2:$B$205,$B175,$C$2:$C$205,100))) -> 0.025397544 | AI175: =IF(ISBLANK(S175),"",ABS(S175-SUMIFS($S$2:$S$205,$A$2:$A$205,$A175,$B$2:$B$205,$B175,$C$2:$C$205,100))) -> 0.022581345 | AJ175: =MAX(V175:AI175) -> 0.04011856
A176: Au | B176: Trapezoidal | C176: 15 | D176: -17871.176 | E176: -5.8807041 | F176: -2685.7219 | G176: -448.25356 | H176: -430.89575 | I176: -104.97768 | J176: -96.800456 | K176: -81.568518 | L176: -22.256798 | M176: -18.723045 | N176: -12.233895 | O176: -3.5498893 | P176: -3.1454477 | Q176: -2.0353548 | R176: -0.3395458 | S176: -0.19044345 | T176: =ABS(D176-SUMIFS($D$2:$D$205,$A$2:$A$205,$A176,$B$2:$B$205,$B176,$C$2:$C$205,100)) -> 0.0096091637 | U176: =ABS(E176-SUMIFS($E$2:$E$205,$A$2:$A$205,$A176,$B$2:$B$205,$B176,$C$2:$C$205,100)) -> 0.0086869322 | V176: =IF(ISBLANK(F176),"",ABS(F176-SUMIFS($F$2:$F$205,$A$2:$A$205,$A176,$B$2:$B$205,$B176,$C$2:$C$205,100))) -> 0.014551466 | W176: =IF(ISBLANK(G176),"",ABS(G176-SUMIFS($G$2:$G$205,$A$2:$A$205,$A176,$B$2:$B$205,$B176,$C$2:$C$205,100))) -> 0.01379843 | X176: =IF(ISBLANK(H176),"",ABS(H176-SUMIFS($H$2:$H$205,$A$2:$A$205,$A176,$B$2:$B$205,$B176,$C$2:$C$205,100))) -> 0.013653942 | Y176: =IF(ISBLANK(I176),"",ABS(I176-SUMIFS($I$2:$I$205,$A$2:$A$205,$A176,$B$2:$B$205,$B176,$C$2:$C$205,100))) -> 0.013812047 | Z176: =IF(ISBLANK(J176),"",ABS(J176-SUMIFS($J$2:$J$205,$A$2:$A$205,$A176,$B$2:$B$205,$B176,$C$2:$C$205,100))) -> 0.013714449 | AA176: =IF(ISBLANK(K176),"",ABS(K176-SUMIFS($K$2:$K$205,$A$2:$A$205,$A176,$B$2:$B$205,$B176,$C$2:$C$205,100))) -> 0.013628236 | AB176: =IF(ISBLANK(L176),"",ABS(L176-SUMIFS($L$2:$L$205,$A$2:$A$205,$A176,$B$2:$B$205,$B176,$C$2:$C$205,100))) -> 0.014064846 | AC176: =IF(ISBLANK(M176),"",ABS(M176-SUMIFS($M$2:$M$205,$A$2:$A$205,$A176,$B$2:$B$205,$B176,$C$2:$C$205,100))) -> 0.014088372 | AD176: =IF(ISBLANK(N176),"",ABS(N176-SUMIFS($N$2:$N$205,$A$2:$A$205,$A176,$B$2:$B$205,$B176,$C$2:$C$205,100))) -> 0.0141672 | AE176: =IF(ISBLANK(O176),"",ABS(O176-SUMIFS($O$2:$O$205,$A$2:$A$205,$A176,$B$2:$B$205,$B176,$C$2:$C$205,100))) -> 0.01421286 | AF176: =IF(ISBLANK(P176),"",ABS(P176-SUMIFS($P$2:$P$205,$A$2:$A$205,$A176,$B$2:$B$205,$B176,$C$2:$C$205,100))) -> 0.013461616 | AG176: =IF(ISBLANK(Q176),"",ABS(Q176-SUMIFS($Q$2:$Q$205,$A$2:$A$205,$A176,$B$2:$B$205,$B176,$C$2:$C$205,100))) -> 0.013367746 | AH176: =IF(ISBLANK(R176),"",ABS(R176-SUMIFS($R$2:$R$205,$A$2:$A$205,$A176,$B$2:$B$205,$B176,$C$2:$C$205,100))) -> 0.013412448 | AI176: =IF(ISBLANK(S176),"",ABS(S176-SUMIFS($S$2:$S$205,$A$2:$A$205,$A176,$B$2:$B$205,$B176,$C$2:$C$205,100))) -> 0.013412169 | AJ176: =MAX(V176:AI176) -> 0.014551466
... A205: Au | B205: Algebraic | C205: 100 | D205: -17871.174 | E205: -5.8797986 | F205: -2685.7424 | G205: -448.26767 | H205: -430.90981 | I205: -104.99157 | J205: -96.814265 | K205: -81.582116 | L205: -22.270882 | M205: -18.737156 | N205: -12.248056 | O205: -3.5640994 | P205: -3.158913 | Q205: -2.0487262 | R205: -0.35295779 | S205: -0.2038559 | T205: =ABS(D205-SUMIFS($D$2:$D$205,$A$2:$A$205,$A205,$B$2:$B$205,$B205,$C$2:$C$205,100)) -> 0 | U205: =ABS(E205-SUMIFS($E$2:$E$205,$A$2:$A$205,$A205,$B$2:$B$205,$B205,$C$2:$C$205,100)) -> 0 | V205: =IF(ISBLANK(F205),"",ABS(F205-SUMIFS($F$2:$F$205,$A$2:$A$205,$A205,$B$2:$B$205,$B205,$C$2:$C$205,100))) -> 0 | W205: =IF(ISBLANK(G205),"",ABS(G205-SUMIFS($G$2:$G$205,$A$2:$A$205,$A205,$B$2:$B$205,$B205,$C$2:$C$205,100))) -> 0 | X205: =IF(ISBLANK(H205),"",ABS(H205-SUMIFS($H$2:$H$205,$A$2:$A$205,$A205,$B$2:$B$205,$B205,$C$2:$C$205,100))) -> 0 | Y205: =IF(ISBLANK(I205),"",ABS(I205-SUMIFS($I$2:$I$205,$A$2:$A$205,$A205,$B$2:$B$205,$B205,$C$2:$C$205,100))) -> 0 | Z205: =IF(ISBLANK(J205),"",ABS(J205-SUMIFS($J$2:$J$205,$A$2:$A$205,$A205,$B$2:$B$205,$B205,$C$2:$C$205,100))) -> 0 | AA205: =IF(ISBLANK(K205),"",ABS(K205-SUMIFS($K$2:$K$205,$A$2:$A$205,$A205,$B$2:$B$205,$B205,$C$2:$C$205,100))) -> 0 | AB205: =IF(ISBLANK(L205),"",ABS(L205-SUMIFS($L$2:$L$205,$A$2:$A$205,$A205,$B$2:$B$205,$B205,$C$2:$C$205,100))) -> 0 | AC205: =IF(ISBLANK(M205),"",ABS(M205-SUMIFS($M$2:$M$205,$A$2:$A$205,$A205,$B$2:$B$205,$B205,$C$2:$C$205,100))) -> 0 | AD205: =IF(ISBLANK(N205),"",ABS(N205-SUMIFS($N$2:$N$205,$A$2:$A$205,$A205,$B$2:$B$205,$B205,$C$2:$C$205,100))) -> 0 | AE205: =IF(ISBLANK(O205),"",ABS(O205-SUMIFS($O$2:$O$205,$A$2:$A$205,$A205,$B$2:$B$205,$B205,$C$2:$C$205,100))) -> 0 | AF205: =IF(ISBLANK(P205),"",ABS(P205-SUMIFS($P$2:$P$205,$A$2:$A$205,$A205,$B$2:$B$205,$B205,$C$2:$C$205,100))) -> 0 | AG205: =IF(ISBLANK(Q205),"",ABS(Q205-SUMIFS($Q$2:$Q$205,$A$2:$A$205,$A205,$B$2:$B$205,$B205,$C$2:$C$205,100))) -> 0 | AH205: =IF(ISBLANK(R205),"",ABS(R205-SUMIFS($R$2:$R$205,$A$2:$A$205,$A205,$B$2:$B$205,$B205,$C$2:$C$205,100))) -> 0 | AI205: =IF(ISBLANK(S205),"",ABS(S205-SUMIFS($S$2:$S$205,$A$2:$A$205,$A205,$B$2:$B$205,$B205,$C$2:$C$205,100))) -> 0 | AJ205: =MAX(V205:AI205) -> 0
A207: Source: rpa_oep_lmax5_{midpoint,traepoidal,cc_sinh,gl_sinh,inverse_linear}.jsonl (user-uploaded). 'Algebraic' = inverse_linear grid. Green-shaded rows are each method's own n=100 reference row (used by the AbsDiff_* / MaxEigDiff_* formulas in every row for that Element+Method). Data-cleaning notes on the 'Notes' sheet.

Sheet He convergence
A1: RPA-OEP frequency-quadrature convergence — He
A2: Absolute error vs. each method's own nω=100 result (Ha). Blank = that (nω, method) combination is not present in the source data.
A4: Total Energy
A5: nω | B5: Midpoint | C5: Trapezoidal | D5: CC | E5: GL | F5: Algebraic
A6: 5 | B6: =IF(COUNTIFS('Raw Data'!$A$2:$A$205,"He",'Raw Data'!$B$2:$B$205,"Midpoint",'Raw Data'!$C$2:$C$205,5)=0,"",SUMIFS('Raw Data'!$T$2:$T$205,'Raw Data'!$A$2:$A$205,"He",'Raw Data'!$B$2:$B$205,"Midpoint",'Raw Data'!$C$2:$C$205,5)) -> 0.0028055115 | C6: =IF(COUNTIFS('Raw Data'!$A$2:$A$205,"He",'Raw Data'!$B$2:$B$205,"Trapezoidal",'Raw Data'!$C$2:$C$205,5)=0,"",SUMIFS('Raw Data'!$T$2:$T$205,'Raw Data'!$A$2:$A$205,"He",'Raw Data'!$B$2:$B$205,"Trapezoidal",'Raw Data'!$C$2:$C$205,5)) -> 28527.832 | D6: =IF(COUNTIFS('Raw Data'!$A$2:$A$205,"He",'Raw Data'!$B$2:$B$205,"CC",'Raw Data'!$C$2:$C$205,5)=0,"",SUMIFS('Raw Data'!$T$2:$T$205,'Raw Data'!$A$2:$A$205,"He",'Raw Data'!$B$2:$B$205,"CC",'Raw Data'!$C$2:$C$205,5)) -> 0.00017388659 | E6: =IF(COUNTIFS('Raw Data'!$A$2:$A$205,"He",'Raw Data'!$B$2:$B$205,"GL",'Raw Data'!$C$2:$C$205,5)=0,"",SUMIFS('Raw Data'!$T$2:$T$205,'Raw Data'!$A$2:$A$205,"He",'Raw Data'!$B$2:$B$205,"GL",'Raw Data'!$C$2:$C$205,5)) -> 0.00043388784 | F6: =IF(COUNTIFS('Raw Data'!$A$2:$A$205,"He",'Raw Data'!$B$2:$B$205,"Algebraic",'Raw Data'!$C$2:$C$205,5)=0,"",SUMIFS('Raw Data'!$T$2:$T$205,'Raw Data'!$A$2:$A$205,"He",'Raw Data'!$B$2:$B$205,"Algebraic",'Raw Data'!$C$2:$C$205,5)) -> 0.00032355331
A7: 10 | B7: =IF(COUNTIFS('Raw Data'!$A$2:$A$205,"He",'Raw Data'!$B$2:$B$205,"Midpoint",'Raw Data'!$C$2:$C$205,10)=0,"",SUMIFS('Raw Data'!$T$2:$T$205,'Raw Data'!$A$2:$A$205,"He",'Raw Data'!$B$2:$B$205,"Midpoint",'Raw Data'!$C$2:$C$205,10)) -> 0.00048894572 | C7: =IF(COUNTIFS('Raw Data'!$A$2:$A$205,"He",'Raw Data'!$B$2:$B$205,"Trapezoidal",'Raw Data'!$C$2:$C$205,10)=0,"",SUMIFS('Raw Data'!$T$2:$T$205,'Raw Data'!$A$2:$A$205,"He",'Raw Data'!$B$2:$B$205,"Trapezoidal",'Raw Data'!$C$2:$C$205,10)) -> 0.00088005594 | D7: =IF(COUNTIFS('Raw Data'!$A$2:$A$205,"He",'Raw Data'!$B$2:$B$205,"CC",'Raw Data'!$C$2:$C$205,10)=0,"",SUMIFS('Raw Data'!$T$2:$T$205,'Raw Data'!$A$2:$A$205,"He",'Raw Data'!$B$2:$B$205,"CC",'Raw Data'!$C$2:$C$205,10)) -> 0.00016712208 | E7: =IF(COUNTIFS('Raw Data'!$A$2:$A$205,"He",'Raw Data'!$B$2:$B$205,"GL",'Raw Data'!$C$2:$C$205,10)=0,"",SUMIFS('Raw Data'!$T$2:$T$205,'Raw Data'!$A$2:$A$205,"He",'Raw Data'!$B$2:$B$205,"GL",'Raw Data'!$C$2:$C$205,10)) -> 7.7207986e-05 | F7: =IF(COUNTIFS('Raw Data'!$A$2:$A$205,"He",'Raw Data'!$B$2:$B$205,"Algebraic",'Raw Data'!$C$2:$C$205,10)=0,"",SUMIFS('Raw Data'!$T$2:$T$205,'Raw Data'!$A$2:$A$205,"He",'Raw Data'!$B$2:$B$205,"Algebraic",'Raw Data'!$C$2:$C$205,10)) -> 2.6421348e-05
A8: 15 | B8: =IF(COUNTIFS('Raw Data'!$A$2:$A$205,"He",'Raw Data'!$B$2:$B$205,"Midpoint",'Raw Data'!$C$2:$C$205,15)=0,"",SUMIFS('Raw Data'!$T$2:$T$205,'Raw Data'!$A$2:$A$205,"He",'Raw Data'!$B$2:$B$205,"Midpoint",'Raw Data'!$C$2:$C$205,15)) -> 0.00010077465 | C8: =IF(COUNTIFS('Raw Data'!$A$2:$A$205,"He",'Raw Data'!$B$2:$B$205,"Trapezoidal",'Raw Data'!$C$2:$C$205,15)=0,"",SUMIFS('Raw Data'!$T$2:$T$205,'Raw Data'!$A$2:$A$205,"He",'Raw Data'!$B$2:$B$205,"Trapezoidal",'Raw Data'!$C$2:$C$205,15)) -> 2.728028e-05 | D8: =IF(COUNTIFS('Raw Data'!$A$2:$A$205,"He",'Raw Data'!$B$2:$B$205,"CC",'Raw Data'!$C$2:$C$205,15)=0,"",SUMIFS('Raw Data'!$T$2:$T$205,'Raw Data'!$A$2:$A$205,"He",'Raw Data'!$B$2:$B$205,"CC",'Raw Data'!$C$2:$C$205,15)) -> 3.5075632e-06 | E8: =IF(COUNTIFS('Raw Data'!$A$2:$A$205,"He",'Raw Data'!$B$2:$B$205,"GL",'Raw Data'!$C$2:$C$205,15)=0,"",SUMIFS('Raw Data'!$T$2:$T$205,'Raw Data'!$A$2:$A$205,"He",'Raw Data'!$B$2:$B$205,"GL",'Raw Data'!$C$2:$C$205,15)) -> 2.5707238e-07 | F8: =IF(COUNTIFS('Raw Data'!$A$2:$A$205,"He",'Raw Data'!$B$2:$B$205,"Algebraic",'Raw Data'!$C$2:$C$205,15)=0,"",SUMIFS('Raw Data'!$T$2:$T$205,'Raw Data'!$A$2:$A$205,"He",'Raw Data'!$B$2:$B$205,"Algebraic",'Raw Data'!$C$2:$C$205,15)) -> 2.6797458e-06
A9: 20 | B9: =IF(COUNTIFS('Raw Data'!$A$2:$A$205,"He",'Raw Data'!$B$2:$B$205,"Midpoint",'Raw Data'!$C$2:$C$205,20)=0,"",SUMIFS('Raw Data'!$T$2:$T$205,'Raw Data'!$A$2:$A$205,"He",'Raw Data'!$B$2:$B$205,"Midpoint",'Raw Data'!$C$2:$C$205,20)) -> 8.3221154e-06 | C9: =IF(COUNTIFS('Raw Data'!$A$2:$A$205,"He",'Raw Data'!$B$2:$B$205,"Trapezoidal",'Raw Data'!$C$2:$C$205,20)=0,"",SUMIFS('Raw Data'!$T$2:$T$205,'Raw Data'!$A$2:$A$205,"He",'Raw Data'!$B$2:$B$205,"Trapezoidal",'Raw Data'!$C$2:$C$205,20)) -> 2.3026183e-06 | D9: =IF(COUNTIFS('Raw Data'!$A$2:$A$205,"He",'Raw Data'!$B$2:$B$205,"CC",'Raw Data'!$C$2:$C$205,20)=0,"",SUMIFS('Raw Data'!$T$2:$T$205,'Raw Data'!$A$2:$A$205,"He",'Raw Data'!$B$2:$B$205,"CC",'Raw Data'!$C$2:$C$205,20)) -> 5.5607547e-08 | E9: =IF(COUNTIFS('Raw Data'!$A$2:$A$205,"He",'Raw Data'!$B$2:$B$205,"GL",'Raw Data'!$C$2:$C$205,20)=0,"",SUMIFS('Raw Data'!$T$2:$T$205,'Raw Data'!$A$2:$A$205,"He",'Raw Data'!$B$2:$B$205,"GL",'Raw Data'!$C$2:$C$205,20)) -> 2.6229041e-09 | F9: =IF(COUNTIFS('Raw Data'!$A$2:$A$205,"He",'Raw Data'!$B$2:$B$205,"Algebraic",'Raw Data'!$C$2:$C$205,20)=0,"",SUMIFS('Raw Data'!$T$2:$T$205,'Raw Data'!$A$2:$A$205,"He",'Raw Data'!$B$2:$B$205,"Algebraic",'Raw Data'!$C$2:$C$205,20)) -> 5.4055023e-09
A10: 30 | B10: =IF(COUNTIFS('Raw Data'!$A$2:$A$205,"He",'Raw Data'!$B$2:$B$205,"Midpoint",'Raw Data'!$C$2:$C$205,30)=0,"",SUMIFS('Raw Data'!$T$2:$T$205,'Raw Data'!$A$2:$A$205,"He",'Raw Data'!$B$2:$B$205,"Midpoint",'Raw Data'!$C$2:$C$205,30)) -> 3.4250202e-08 | C10: =IF(COUNTIFS('Raw Data'!$A$2:$A$205,"He",'Raw Data'!$B$2:$B$205,"Trapezoidal",'Raw Data'!$C$2:$C$205,30)=0,"",SUMIFS('Raw Data'!$T$2:$T$205,'Raw Data'!$A$2:$A$205,"He",'Raw Data'!$B$2:$B$205,"Trapezoidal",'Raw Data'!$C$2:$C$205,30)) -> 1.5687669e-09 | D10: =IF(COUNTIFS('Raw Data'!$A$2:$A$205,"He",'Raw Data'!$B$2:$B$205,"CC",'Raw Data'!$C$2:$C$205,30)=0,"",SUMIFS('Raw Data'!$T$2:$T$205,'Raw Data'!$A$2:$A$205,"He",'Raw Data'!$B$2:$B$205,"CC",'Raw Data'!$C$2:$C$205,30)) -> 2.9428326e-10 | E10: =IF(COUNTIFS('Raw Data'!$A$2:$A$205,"He",'Raw Data'!$B$2:$B$205,"GL",'Raw Data'!$C$2:$C$205,30)=0,"",SUMIFS('Raw Data'!$T$2:$T$205,'Raw Data'!$A$2:$A$205,"He",'Raw Data'!$B$2:$B$205,"GL",'Raw Data'!$C$2:$C$205,30)) -> 5.8260063e-12 | F10: =IF(COUNTIFS('Raw Data'!$A$2:$A$205,"He",'Raw Data'!$B$2:$B$205,"Algebraic",'Raw Data'!$C$2:$C$205,30)=0,"",SUMIFS('Raw Data'!$T$2:$T$205,'Raw Data'!$A$2:$A$205,"He",'Raw Data'!$B$2:$B$205,"Algebraic",'Raw Data'!$C$2:$C$205,30)) -> 1.981901e-07
A11: 50 | B11: =IF(COUNTIFS('Raw Data'!$A$2:$A$205,"He",'Raw Data'!$B$2:$B$205,"Midpoint",'Raw Data'!$C$2:$C$205,50)=0,"",SUMIFS('Raw Data'!$T$2:$T$205,'Raw Data'!$A$2:$A$205,"He",'Raw Data'!$B$2:$B$205,"Midpoint",'Raw Data'!$C$2:$C$205,50)) -> 8.0069285e-13 | C11: =IF(COUNTIFS('Raw Data'!$A$2:$A$205,"He",'Raw Data'!$B$2:$B$205,"Trapezoidal",'Raw Data'!$C$2:$C$205,50)=0,"",SUMIFS('Raw Data'!$T$2:$T$205,'Raw Data'!$A$2:$A$205,"He",'Raw Data'!$B$2:$B$205,"Trapezoidal",'Raw Data'!$C$2:$C$205,50)) -> 1.3660184e-12 | D11: =IF(COUNTIFS('Raw Data'!$A$2:$A$205,"He",'Raw Data'!$B$2:$B$205,"CC",'Raw Data'!$C$2:$C$205,50)=0,"",SUMIFS('Raw Data'!$T$2:$T$205,'Raw Data'!$A$2:$A$205,"He",'Raw Data'!$B$2:$B$205,"CC",'Raw Data'!$C$2:$C$205,50)) -> 3.1974423e-14 | E11: =IF(COUNTIFS('Raw Data'!$A$2:$A$205,"He",'Raw Data'!$B$2:$B$205,"GL",'Raw Data'!$C$2:$C$205,50)=0,"",SUMIFS('Raw Data'!$T$2:$T$205,'Raw Data'!$A$2:$A$205,"He",'Raw Data'!$B$2:$B$205,"GL",'Raw Data'!$C$2:$C$205,50)) -> 3.1974423e-14 | F11: =IF(COUNTIFS('Raw Data'!$A$2:$A$205,"He",'Raw Data'!$B$2:$B$205,"Algebraic",'Raw Data'!$C$2:$C$205,50)=0,"",SUMIFS('Raw Data'!$T$2:$T$205,'Raw Data'!$A$2:$A$205,"He",'Raw Data'!$B$2:$B$205,"Algebraic",'Raw Data'!$C$2:$C$205,50)) -> 3.5364151e-08
A14: Correlation Energy
A15: nω | B15: Midpoint | C15: Trapezoidal | D15: CC | E15: GL | F15: Algebraic
A16: 5 | B16: =IF(COUNTIFS('Raw Data'!$A$2:$A$205,"He",'Raw Data'!$B$2:$B$205,"Midpoint",'Raw Data'!$C$2:$C$205,5)=0,"",SUMIFS('Raw Data'!$U$2:$U$205,'Raw Data'!$A$2:$A$205,"He",'Raw Data'!$B$2:$B$205,"Midpoint",'Raw Data'!$C$2:$C$205,5)) -> 0.0017498049 | C16: =IF(COUNTIFS('Raw Data'!$A$2:$A$205,"He",'Raw Data'!$B$2:$B$205,"Trapezoidal",'Raw Data'!$C$2:$C$205,5)=0,"",SUMIFS('Raw Data'!$U$2:$U$205,'Raw Data'!$A$2:$A$205,"He",'Raw Data'!$B$2:$B$205,"Trapezoidal",'Raw Data'!$C$2:$C$205,5)) -> 0.33618827 | D16: =IF(COUNTIFS('Raw Data'!$A$2:$A$205,"He",'Raw Data'!$B$2:$B$205,"CC",'Raw Data'!$C$2:$C$205,5)=0,"",SUMIFS('Raw Data'!$U$2:$U$205,'Raw Data'!$A$2:$A$205,"He",'Raw Data'!$B$2:$B$205,"CC",'Raw Data'!$C$2:$C$205,5)) -> 0.00037770827 | E16: =IF(COUNTIFS('Raw Data'!$A$2:$A$205,"He",'Raw Data'!$B$2:$B$205,"GL",'Raw Data'!$C$2:$C$205,5)=0,"",SUMIFS('Raw Data'!$U$2:$U$205,'Raw Data'!$A$2:$A$205,"He",'Raw Data'!$B$2:$B$205,"GL",'Raw Data'!$C$2:$C$205,5)) -> 0.00061891338 | F16: =IF(COUNTIFS('Raw Data'!$A$2:$A$205,"He",'Raw Data'!$B$2:$B$205,"Algebraic",'Raw Data'!$C$2:$C$205,5)=0,"",SUMIFS('Raw Data'!$U$2:$U$205,'Raw Data'!$A$2:$A$205,"He",'Raw Data'!$B$2:$B$205,"Algebraic",'Raw Data'!$C$2:$C$205,5)) -> 0.00032425245
A17: 10 | B17: =IF(COUNTIFS('Raw Data'!$A$2:$A$205,"He",'Raw Data'!$B$2:$B$205,"Midpoint",'Raw Data'!$C$2:$C$205,10)=0,"",SUMIFS('Raw Data'!$U$2:$U$205,'Raw Data'!$A$2:$A$205,"He",'Raw Data'!$B$2:$B$205,"Midpoint",'Raw Data'!$C$2:$C$205,10)) -> 0.00042201019 | C17: =IF(COUNTIFS('Raw Data'!$A$2:$A$205,"He",'Raw Data'!$B$2:$B$205,"Trapezoidal",'Raw Data'!$C$2:$C$205,10)=0,"",SUMIFS('Raw Data'!$U$2:$U$205,'Raw Data'!$A$2:$A$205,"He",'Raw Data'!$B$2:$B$205,"Trapezoidal",'Raw Data'!$C$2:$C$205,10)) -> 0.00079481501 | D17: =IF(COUNTIFS('Raw Data'!$A$2:$A$205,"He",'Raw Data'!$B$2:$B$205,"CC",'Raw Data'!$C$2:$C$205,10)=0,"",SUMIFS('Raw Data'!$U$2:$U$205,'Raw Data'!$A$2:$A$205,"He",'Raw Data'!$B$2:$B$205,"CC",'Raw Data'!$C$2:$C$205,10)) -> 0.00022646818 | E17: =IF(COUNTIFS('Raw Data'!$A$2:$A$205,"He",'Raw Data'!$B$2:$B$205,"GL",'Raw Data'!$C$2:$C$205,10)=0,"",SUMIFS('Raw Data'!$U$2:$U$205,'Raw Data'!$A$2:$A$205,"He",'Raw Data'!$B$2:$B$205,"GL",'Raw Data'!$C$2:$C$205,10)) -> 8.1662642e-05 | F17: =IF(COUNTIFS('Raw Data'!$A$2:$A$205,"He",'Raw Data'!$B$2:$B$205,"Algebraic",'Raw Data'!$C$2:$C$205,10)=0,"",SUMIFS('Raw Data'!$U$2:$U$205,'Raw Data'!$A$2:$A$205,"He",'Raw Data'!$B$2:$B$205,"Algebraic",'Raw Data'!$C$2:$C$205,10)) -> 2.6939012e-05
A18: 15 | B18: =IF(COUNTIFS('Raw Data'!$A$2:$A$205,"He",'Raw Data'!$B$2:$B$205,"Midpoint",'Raw Data'!$C$2:$C$205,15)=0,"",SUMIFS('Raw Data'!$U$2:$U$205,'Raw Data'!$A$2:$A$205,"He",'Raw Data'!$B$2:$B$205,"Midpoint",'Raw Data'!$C$2:$C$205,15)) -> 0.0001080004 | C18: =IF(COUNTIFS('Raw Data'!$A$2:$A$205,"He",'Raw Data'!$B$2:$B$205,"Trapezoidal",'Raw Data'!$C$2:$C$205,15)=0,"",SUMIFS('Raw Data'!$U$2:$U$205,'Raw Data'!$A$2:$A$205,"He",'Raw Data'!$B$2:$B$205,"Trapezoidal",'Raw Data'!$C$2:$C$205,15)) -> 2.1377196e-05 | D18: =IF(COUNTIFS('Raw Data'!$A$2:$A$205,"He",'Raw Data'!$B$2:$B$205,"CC",'Raw Data'!$C$2:$C$205,15)=0,"",SUMIFS('Raw Data'!$U$2:$U$205,'Raw Data'!$A$2:$A$205,"He",'Raw Data'!$B$2:$B$205,"CC",'Raw Data'!$C$2:$C$205,15)) -> 3.083041e-06 | E18: =IF(COUNTIFS('Raw Data'!$A$2:$A$205,"He",'Raw Data'!$B$2:$B$205,"GL",'Raw Data'!$C$2:$C$205,15)=0,"",SUMIFS('Raw Data'!$U$2:$U$205,'Raw Data'!$A$2:$A$205,"He",'Raw Data'!$B$2:$B$205,"GL",'Raw Data'!$C$2:$C$205,15)) -> 6.6992556e-08 | F18: =IF(COUNTIFS('Raw Data'!$A$2:$A$205,"He",'Raw Data'!$B$2:$B$205,"Algebraic",'Raw Data'!$C$2:$C$205,15)=0,"",SUMIFS('Raw Data'!$U$2:$U$205,'Raw Data'!$A$2:$A$205,"He",'Raw Data'!$B$2:$B$205,"Algebraic",'Raw Data'!$C$2:$C$205,15)) -> 2.7994813e-06
A19: 20 | B19: =IF(COUNTIFS('Raw Data'!$A$2:$A$205,"He",'Raw Data'!$B$2:$B$205,"Midpoint",'Raw Data'!$C$2:$C$205,20)=0,"",SUMIFS('Raw Data'!$U$2:$U$205,'Raw Data'!$A$2:$A$205,"He",'Raw Data'!$B$2:$B$205,"Midpoint",'Raw Data'!$C$2:$C$205,20)) -> 1.1012191e-05 | C19: =IF(COUNTIFS('Raw Data'!$A$2:$A$205,"He",'Raw Data'!$B$2:$B$205,"Trapezoidal",'Raw Data'!$C$2:$C$205,20)=0,"",SUMIFS('Raw Data'!$U$2:$U$205,'Raw Data'!$A$2:$A$205,"He",'Raw Data'!$B$2:$B$205,"Trapezoidal",'Raw Data'!$C$2:$C$205,20)) -> 1.3193778e-06 | D19: =IF(COUNTIFS('Raw Data'!$A$2:$A$205,"He",'Raw Data'!$B$2:$B$205,"CC",'Raw Data'!$C$2:$C$205,20)=0,"",SUMIFS('Raw Data'!$U$2:$U$205,'Raw Data'!$A$2:$A$205,"He",'Raw Data'!$B$2:$B$205,"CC",'Raw Data'!$C$2:$C$205,20)) -> 3.4805252e-08 | E19: =IF(COUNTIFS('Raw Data'!$A$2:$A$205,"He",'Raw Data'!$B$2:$B$205,"GL",'Raw Data'!$C$2:$C$205,20)=0,"",SUMIFS('Raw Data'!$U$2:$U$205,'Raw Data'!$A$2:$A$205,"He",'Raw Data'!$B$2:$B$205,"GL",'Raw Data'!$C$2:$C$205,20)) -> 8.2512247e-09 | F19: =IF(COUNTIFS('Raw Data'!$A$2:$A$205,"He",'Raw Data'!$B$2:$B$205,"Algebraic",'Raw Data'!$C$2:$C$205,20)=0,"",SUMIFS('Raw Data'!$U$2:$U$205,'Raw Data'!$A$2:$A$205,"He",'Raw Data'!$B$2:$B$205,"Algebraic",'Raw Data'!$C$2:$C$205,20)) -> 2.1032222e-08
A20: 30 | B20: =IF(COUNTIFS('Raw Data'!$A$2:$A$205,"He",'Raw Data'!$B$2:$B$205,"Midpoint",'Raw Data'!$C$2:$C$205,30)=0,"",SUMIFS('Raw Data'!$U$2:$U$205,'Raw Data'!$A$2:$A$205,"He",'Raw Data'!$B$2:$B$205,"Midpoint",'Raw Data'!$C$2:$C$205,30)) -> 7.8172444e-08 | C20: =IF(COUNTIFS('Raw Data'!$A$2:$A$205,"He",'Raw Data'!$B$2:$B$205,"Trapezoidal",'Raw Data'!$C$2:$C$205,30)=0,"",SUMIFS('Raw Data'!$U$2:$U$205,'Raw Data'!$A$2:$A$205,"He",'Raw Data'!$B$2:$B$205,"Trapezoidal",'Raw Data'!$C$2:$C$205,30)) -> 3.3048807e-08 | D20: =IF(COUNTIFS('Raw Data'!$A$2:$A$205,"He",'Raw Data'!$B$2:$B$205,"CC",'Raw Data'!$C$2:$C$205,30)=0,"",SUMIFS('Raw Data'!$U$2:$U$205,'Raw Data'!$A$2:$A$205,"He",'Raw Data'!$B$2:$B$205,"CC",'Raw Data'!$C$2:$C$205,30)) -> 2.8944444e-10 | E20: =IF(COUNTIFS('Raw Data'!$A$2:$A$205,"He",'Raw Data'!$B$2:$B$205,"GL",'Raw Data'!$C$2:$C$205,30)=0,"",SUMIFS('Raw Data'!$U$2:$U$205,'Raw Data'!$A$2:$A$205,"He",'Raw Data'!$B$2:$B$205,"GL",'Raw Data'!$C$2:$C$205,30)) -> 1.1487769e-11 | F20: =IF(COUNTIFS('Raw Data'!$A$2:$A$205,"He",'Raw Data'!$B$2:$B$205,"Algebraic",'Raw Data'!$C$2:$C$205,30)=0,"",SUMIFS('Raw Data'!$U$2:$U$205,'Raw Data'!$A$2:$A$205,"He",'Raw Data'!$B$2:$B$205,"Algebraic",'Raw Data'!$C$2:$C$205,30)) -> 1.9804981e-07
A21: 50 | B21: =IF(COUNTIFS('Raw Data'!$A$2:$A$205,"He",'Raw Data'!$B$2:$B$205,"Midpoint",'Raw Data'!$C$2:$C$205,50)=0,"",SUMIFS('Raw Data'!$U$2:$U$205,'Raw Data'!$A$2:$A$205,"He",'Raw Data'!$B$2:$B$205,"Midpoint",'Raw Data'!$C$2:$C$205,50)) -> 3.8424125e-12 | C21: =IF(COUNTIFS('Raw Data'!$A$2:$A$205,"He",'Raw Data'!$B$2:$B$205,"Trapezoidal",'Raw Data'!$C$2:$C$205,50)=0,"",SUMIFS('Raw Data'!$U$2:$U$205,'Raw Data'!$A$2:$A$205,"He",'Raw Data'!$B$2:$B$205,"Trapezoidal",'Raw Data'!$C$2:$C$205,50)) -> 6.1800565e-12 | D21: =IF(COUNTIFS('Raw Data'!$A$2:$A$205,"He",'Raw Data'!$B$2:$B$205,"CC",'Raw Data'!$C$2:$C$205,50)=0,"",SUMIFS('Raw Data'!$U$2:$U$205,'Raw Data'!$A$2:$A$205,"He",'Raw Data'!$B$2:$B$205,"CC",'Raw Data'!$C$2:$C$205,50)) -> 3.8510861e-14 | E21: =IF(COUNTIFS('Raw Data'!$A$2:$A$205,"He",'Raw Data'!$B$2:$B$205,"GL",'Raw Data'!$C$2:$C$205,50)=0,"",SUMIFS('Raw Data'!$U$2:$U$205,'Raw Data'!$A$2:$A$205,"He",'Raw Data'!$B$2:$B$205,"GL",'Raw Data'!$C$2:$C$205,50)) -> 1.6903146e-14 | F21: =IF(COUNTIFS('Raw Data'!$A$2:$A$205,"He",'Raw Data'!$B$2:$B$205,"Algebraic",'Raw Data'!$C$2:$C$205,50)=0,"",SUMIFS('Raw Data'!$U$2:$U$205,'Raw Data'!$A$2:$A$205,"He",'Raw Data'!$B$2:$B$205,"Algebraic",'Raw Data'!$C$2:$C$205,50)) -> 3.5821826e-08
A24: Max Eigenvalue Difference
A25: nω | B25: Midpoint | C25: Trapezoidal | D25: CC | E25: GL | F25: Algebraic
A26: 5 | B26: =IF(COUNTIFS('Raw Data'!$A$2:$A$205,"He",'Raw Data'!$B$2:$B$205,"Midpoint",'Raw Data'!$C$2:$C$205,5)=0,"",SUMIFS('Raw Data'!$AJ$2:$AJ$205,'Raw Data'!$A$2:$A$205,"He",'Raw Data'!$B$2:$B$205,"Midpoint",'Raw Data'!$C$2:$C$205,5)) -> 0.083353335 | C26: =IF(COUNTIFS('Raw Data'!$A$2:$A$205,"He",'Raw Data'!$B$2:$B$205,"Trapezoidal",'Raw Data'!$C$2:$C$205,5)=0,"",SUMIFS('Raw Data'!$AJ$2:$AJ$205,'Raw Data'!$A$2:$A$205,"He",'Raw Data'!$B$2:$B$205,"Trapezoidal",'Raw Data'!$C$2:$C$205,5)) -> 2.0668795e+13 | D26: =IF(COUNTIFS('Raw Data'!$A$2:$A$205,"He",'Raw Data'!$B$2:$B$205,"CC",'Raw Data'!$C$2:$C$205,5)=0,"",SUMIFS('Raw Data'!$AJ$2:$AJ$205,'Raw Data'!$A$2:$A$205,"He",'Raw Data'!$B$2:$B$205,"CC",'Raw Data'!$C$2:$C$205,5)) -> 0.24408082 | E26: =IF(COUNTIFS('Raw Data'!$A$2:$A$205,"He",'Raw Data'!$B$2:$B$205,"GL",'Raw Data'!$C$2:$C$205,5)=0,"",SUMIFS('Raw Data'!$AJ$2:$AJ$205,'Raw Data'!$A$2:$A$205,"He",'Raw Data'!$B$2:$B$205,"GL",'Raw Data'!$C$2:$C$205,5)) -> 0.10036835 | F26: =IF(COUNTIFS('Raw Data'!$A$2:$A$205,"He",'Raw Data'!$B$2:$B$205,"Algebraic",'Raw Data'!$C$2:$C$205,5)=0,"",SUMIFS('Raw Data'!$AJ$2:$AJ$205,'Raw Data'!$A$2:$A$205,"He",'Raw Data'!$B$2:$B$205,"Algebraic",'Raw Data'!$C$2:$C$205,5)) -> 0.033207792
A27: 10 | B27: =IF(COUNTIFS('Raw Data'!$A$2:$A$205,"He",'Raw Data'!$B$2:$B$205,"Midpoint",'Raw Data'!$C$2:$C$205,10)=0,"",SUMIFS('Raw Data'!$AJ$2:$AJ$205,'Raw Data'!$A$2:$A$205,"He",'Raw Data'!$B$2:$B$205,"Midpoint",'Raw Data'!$C$2:$C$205,10)) -> 0.098981459 | C27: =IF(COUNTIFS('Raw Data'!$A$2:$A$205,"He",'Raw Data'!$B$2:$B$205,"Trapezoidal",'Raw Data'!$C$2:$C$205,10)=0,"",SUMIFS('Raw Data'!$AJ$2:$AJ$205,'Raw Data'!$A$2:$A$205,"He",'Raw Data'!$B$2:$B$205,"Trapezoidal",'Raw Data'!$C$2:$C$205,10)) -> 0.39097882 | D27: =IF(COUNTIFS('Raw Data'!$A$2:$A$205,"He",'Raw Data'!$B$2:$B$205,"CC",'Raw Data'!$C$2:$C$205,10)=0,"",SUMIFS('Raw Data'!$AJ$2:$AJ$205,'Raw Data'!$A$2:$A$205,"He",'Raw Data'!$B$2:$B$205,"CC",'Raw Data'!$C$2:$C$205,10)) -> 0.047017573 | E27: =IF(COUNTIFS('Raw Data'!$A$2:$A$205,"He",'Raw Data'!$B$2:$B$205,"GL",'Raw Data'!$C$2:$C$205,10)=0,"",SUMIFS('Raw Data'!$AJ$2:$AJ$205,'Raw Data'!$A$2:$A$205,"He",'Raw Data'!$B$2:$B$205,"GL",'Raw Data'!$C$2:$C$205,10)) -> 0.0038135912 | F27: =IF(COUNTIFS('Raw Data'!$A$2:$A$205,"He",'Raw Data'!$B$2:$B$205,"Algebraic",'Raw Data'!$C$2:$C$205,10)=0,"",SUMIFS('Raw Data'!$AJ$2:$AJ$205,'Raw Data'!$A$2:$A$205,"He",'Raw Data'!$B$2:$B$205,"Algebraic",'Raw Data'!$C$2:$C$205,10)) -> 0.0018547296
A28: 15 | B28: =IF(COUNTIFS('Raw Data'!$A$2:$A$205,"He",'Raw Data'!$B$2:$B$205,"Midpoint",'Raw Data'!$C$2:$C$205,15)=0,"",SUMIFS('Raw Data'!$AJ$2:$AJ$205,'Raw Data'!$A$2:$A$205,"He",'Raw Data'!$B$2:$B$205,"Midpoint",'Raw Data'!$C$2:$C$205,15)) -> 0.083753092 | C28: =IF(COUNTIFS('Raw Data'!$A$2:$A$205,"He",'Raw Data'!$B$2:$B$205,"Trapezoidal",'Raw Data'!$C$2:$C$205,15)=0,"",SUMIFS('Raw Data'!$AJ$2:$AJ$205,'Raw Data'!$A$2:$A$205,"He",'Raw Data'!$B$2:$B$205,"Trapezoidal",'Raw Data'!$C$2:$C$205,15)) -> 0.25670679 | D28: =IF(COUNTIFS('Raw Data'!$A$2:$A$205,"He",'Raw Data'!$B$2:$B$205,"CC",'Raw Data'!$C$2:$C$205,15)=0,"",SUMIFS('Raw Data'!$AJ$2:$AJ$205,'Raw Data'!$A$2:$A$205,"He",'Raw Data'!$B$2:$B$205,"CC",'Raw Data'!$C$2:$C$205,15)) -> 0.0058620375 | E28: =IF(COUNTIFS('Raw Data'!$A$2:$A$205,"He",'Raw Data'!$B$2:$B$205,"GL",'Raw Data'!$C$2:$C$205,15)=0,"",SUMIFS('Raw Data'!$AJ$2:$AJ$205,'Raw Data'!$A$2:$A$205,"He",'Raw Data'!$B$2:$B$205,"GL",'Raw Data'!$C$2:$C$205,15)) -> 0.030104982 | F28: =IF(COUNTIFS('Raw Data'!$A$2:$A$205,"He",'Raw Data'!$B$2:$B$205,"Algebraic",'Raw Data'!$C$2:$C$205,15)=0,"",SUMIFS('Raw Data'!$AJ$2:$AJ$205,'Raw Data'!$A$2:$A$205,"He",'Raw Data'!$B$2:$B$205,"Algebraic",'Raw Data'!$C$2:$C$205,15)) -> 2.5790798e-05
A29: 20 | B29: =IF(COUNTIFS('Raw Data'!$A$2:$A$205,"He",'Raw Data'!$B$2:$B$205,"Midpoint",'Raw Data'!$C$2:$C$205,20)=0,"",SUMIFS('Raw Data'!$AJ$2:$AJ$205,'Raw Data'!$A$2:$A$205,"He",'Raw Data'!$B$2:$B$205,"Midpoint",'Raw Data'!$C$2:$C$205,20)) -> 0.15478642 | C29: =IF(COUNTIFS('Raw Data'!$A$2:$A$205,"He",'Raw Data'!$B$2:$B$205,"Trapezoidal",'Raw Data'!$C$2:$C$205,20)=0,"",SUMIFS('Raw Data'!$AJ$2:$AJ$205,'Raw Data'!$A$2:$A$205,"He",'Raw Data'!$B$2:$B$205,"Trapezoidal",'Raw Data'!$C$2:$C$205,20)) -> 0.17721008 | D29: =IF(COUNTIFS('Raw Data'!$A$2:$A$205,"He",'Raw Data'!$B$2:$B$205,"CC",'Raw Data'!$C$2:$C$205,20)=0,"",SUMIFS('Raw Data'!$AJ$2:$AJ$205,'Raw Data'!$A$2:$A$205,"He",'Raw Data'!$B$2:$B$205,"CC",'Raw Data'!$C$2:$C$205,20)) -> 0.00082243723 | E29: =IF(COUNTIFS('Raw Data'!$A$2:$A$205,"He",'Raw Data'!$B$2:$B$205,"GL",'Raw Data'!$C$2:$C$205,20)=0,"",SUMIFS('Raw Data'!$AJ$2:$AJ$205,'Raw Data'!$A$2:$A$205,"He",'Raw Data'!$B$2:$B$205,"GL",'Raw Data'!$C$2:$C$205,20)) -> 0.009406493 | F29: =IF(COUNTIFS('Raw Data'!$A$2:$A$205,"He",'Raw Data'!$B$2:$B$205,"Algebraic",'Raw Data'!$C$2:$C$205,20)=0,"",SUMIFS('Raw Data'!$AJ$2:$AJ$205,'Raw Data'!$A$2:$A$205,"He",'Raw Data'!$B$2:$B$205,"Algebraic",'Raw Data'!$C$2:$C$205,20)) -> 3.4893467e-07
A30: 30 | B30: =IF(COUNTIFS('Raw Data'!$A$2:$A$205,"He",'Raw Data'!$B$2:$B$205,"Midpoint",'Raw Data'!$C$2:$C$205,30)=0,"",SUMIFS('Raw Data'!$AJ$2:$AJ$205,'Raw Data'!$A$2:$A$205,"He",'Raw Data'!$B$2:$B$205,"Midpoint",'Raw Data'!$C$2:$C$205,30)) -> 0.089727844 | C30: =IF(COUNTIFS('Raw Data'!$A$2:$A$205,"He",'Raw Data'!$B$2:$B$205,"Trapezoidal",'Raw Data'!$C$2:$C$205,30)=0,"",SUMIFS('Raw Data'!$AJ$2:$AJ$205,'Raw Data'!$A$2:$A$205,"He",'Raw Data'!$B$2:$B$205,"Trapezoidal",'Raw Data'!$C$2:$C$205,30)) -> 0.097791216 | D30: =IF(COUNTIFS('Raw Data'!$A$2:$A$205,"He",'Raw Data'!$B$2:$B$205,"CC",'Raw Data'!$C$2:$C$205,30)=0,"",SUMIFS('Raw Data'!$AJ$2:$AJ$205,'Raw Data'!$A$2:$A$205,"He",'Raw Data'!$B$2:$B$205,"CC",'Raw Data'!$C$2:$C$205,30)) -> 0.0022789997 | E30: =IF(COUNTIFS('Raw Data'!$A$2:$A$205,"He",'Raw Data'!$B$2:$B$205,"GL",'Raw Data'!$C$2:$C$205,30)=0,"",SUMIFS('Raw Data'!$AJ$2:$AJ$205,'Raw Data'!$A$2:$A$205,"He",'Raw Data'!$B$2:$B$205,"GL",'Raw Data'!$C$2:$C$205,30)) -> 0.001397298 | F30: =IF(COUNTIFS('Raw Data'!$A$2:$A$205,"He",'Raw Data'!$B$2:$B$205,"Algebraic",'Raw Data'!$C$2:$C$205,30)=0,"",SUMIFS('Raw Data'!$AJ$2:$AJ$205,'Raw Data'!$A$2:$A$205,"He",'Raw Data'!$B$2:$B$205,"Algebraic",'Raw Data'!$C$2:$C$205,30)) -> 1.337687e-07
A31: 50 | B31: =IF(COUNTIFS('Raw Data'!$A$2:$A$205,"He",'Raw Data'!$B$2:$B$205,"Midpoint",'Raw Data'!$C$2:$C$205,50)=0,"",SUMIFS('Raw Data'!$AJ$2:$AJ$205,'Raw Data'!$A$2:$A$205,"He",'Raw Data'!$B$2:$B$205,"Midpoint",'Raw Data'!$C$2:$C$205,50)) -> 3.0444485e-05 | C31: =IF(COUNTIFS('Raw Data'!$A$2:$A$205,"He",'Raw Data'!$B$2:$B$205,"Trapezoidal",'Raw Data'!$C$2:$C$205,50)=0,"",SUMIFS('Raw Data'!$AJ$2:$AJ$205,'Raw Data'!$A$2:$A$205,"He",'Raw Data'!$B$2:$B$205,"Trapezoidal",'Raw Data'!$C$2:$C$205,50)) -> 1.2261237e-05 | D31: =IF(COUNTIFS('Raw Data'!$A$2:$A$205,"He",'Raw Data'!$B$2:$B$205,"CC",'Raw Data'!$C$2:$C$205,50)=0,"",SUMIFS('Raw Data'!$AJ$2:$AJ$205,'Raw Data'!$A$2:$A$205,"He",'Raw Data'!$B$2:$B$205,"CC",'Raw Data'!$C$2:$C$205,50)) -> 2.7077222e-07 | E31: =IF(COUNTIFS('Raw Data'!$A$2:$A$205,"He",'Raw Data'!$B$2:$B$205,"GL",'Raw Data'!$C$2:$C$205,50)=0,"",SUMIFS('Raw Data'!$AJ$2:$AJ$205,'Raw Data'!$A$2:$A$205,"He",'Raw Data'!$B$2:$B$205,"GL",'Raw Data'!$C$2:$C$205,50)) -> 7.1187673e-07 | F31: =IF(COUNTIFS('Raw Data'!$A$2:$A$205,"He",'Raw Data'!$B$2:$B$205,"Algebraic",'Raw Data'!$C$2:$C$205,50)=0,"",SUMIFS('Raw Data'!$AJ$2:$AJ$205,'Raw Data'!$A$2:$A$205,"He",'Raw Data'!$B$2:$B$205,"Algebraic",'Raw Data'!$C$2:$C$205,50)) -> 2.2150695e-08

Sheet Ar convergence
A1: RPA-OEP frequency-quadrature convergence — Ar
A2: Absolute error vs. each method's own nω=100 result (Ha). Blank = that (nω, method) combination is not present in the source data.
A4: Total Energy
A5: nω | B5: Midpoint | C5: Trapezoidal | D5: CC | E5: GL | F5: Algebraic
A6: 5 | B6: =IF(COUNTIFS('Raw Data'!$A$2:$A$205,"Ar",'Raw Data'!$B$2:$B$205,"Midpoint",'Raw Data'!$C$2:$C$205,5)=0,"",SUMIFS('Raw Data'!$T$2:$T$205,'Raw Data'!$A$2:$A$205,"Ar",'Raw Data'!$B$2:$B$205,"Midpoint",'Raw Data'!$C$2:$C$205,5)) -> 0.14194154 | C6: =IF(COUNTIFS('Raw Data'!$A$2:$A$205,"Ar",'Raw Data'!$B$2:$B$205,"Trapezoidal",'Raw Data'!$C$2:$C$205,5)=0,"",SUMIFS('Raw Data'!$T$2:$T$205,'Raw Data'!$A$2:$A$205,"Ar",'Raw Data'!$B$2:$B$205,"Trapezoidal",'Raw Data'!$C$2:$C$205,5)) -> 0.073449954 | D6: =IF(COUNTIFS('Raw Data'!$A$2:$A$205,"Ar",'Raw Data'!$B$2:$B$205,"CC",'Raw Data'!$C$2:$C$205,5)=0,"",SUMIFS('Raw Data'!$T$2:$T$205,'Raw Data'!$A$2:$A$205,"Ar",'Raw Data'!$B$2:$B$205,"CC",'Raw Data'!$C$2:$C$205,5)) -> 0.13473986 | E6: =IF(COUNTIFS('Raw Data'!$A$2:$A$205,"Ar",'Raw Data'!$B$2:$B$205,"GL",'Raw Data'!$C$2:$C$205,5)=0,"",SUMIFS('Raw Data'!$T$2:$T$205,'Raw Data'!$A$2:$A$205,"Ar",'Raw Data'!$B$2:$B$205,"GL",'Raw Data'!$C$2:$C$205,5)) -> 0.17219319 | F6: =IF(COUNTIFS('Raw Data'!$A$2:$A$205,"Ar",'Raw Data'!$B$2:$B$205,"Algebraic",'Raw Data'!$C$2:$C$205,5)=0,"",SUMIFS('Raw Data'!$T$2:$T$205,'Raw Data'!$A$2:$A$205,"Ar",'Raw Data'!$B$2:$B$205,"Algebraic",'Raw Data'!$C$2:$C$205,5)) -> 0.034759978
A7: 10 | B7: =IF(COUNTIFS('Raw Data'!$A$2:$A$205,"Ar",'Raw Data'!$B$2:$B$205,"Midpoint",'Raw Data'!$C$2:$C$205,10)=0,"",SUMIFS('Raw Data'!$T$2:$T$205,'Raw Data'!$A$2:$A$205,"Ar",'Raw Data'!$B$2:$B$205,"Midpoint",'Raw Data'!$C$2:$C$205,10)) -> 0.0031362855 | C7: =IF(COUNTIFS('Raw Data'!$A$2:$A$205,"Ar",'Raw Data'!$B$2:$B$205,"Trapezoidal",'Raw Data'!$C$2:$C$205,10)=0,"",SUMIFS('Raw Data'!$T$2:$T$205,'Raw Data'!$A$2:$A$205,"Ar",'Raw Data'!$B$2:$B$205,"Trapezoidal",'Raw Data'!$C$2:$C$205,10)) -> 0.0050447721 | D7: =IF(COUNTIFS('Raw Data'!$A$2:$A$205,"Ar",'Raw Data'!$B$2:$B$205,"CC",'Raw Data'!$C$2:$C$205,10)=0,"",SUMIFS('Raw Data'!$T$2:$T$205,'Raw Data'!$A$2:$A$205,"Ar",'Raw Data'!$B$2:$B$205,"CC",'Raw Data'!$C$2:$C$205,10)) -> 0.018299041 | E7: =IF(COUNTIFS('Raw Data'!$A$2:$A$205,"Ar",'Raw Data'!$B$2:$B$205,"GL",'Raw Data'!$C$2:$C$205,10)=0,"",SUMIFS('Raw Data'!$T$2:$T$205,'Raw Data'!$A$2:$A$205,"Ar",'Raw Data'!$B$2:$B$205,"GL",'Raw Data'!$C$2:$C$205,10)) -> 0.02686623 | F7: =IF(COUNTIFS('Raw Data'!$A$2:$A$205,"Ar",'Raw Data'!$B$2:$B$205,"Algebraic",'Raw Data'!$C$2:$C$205,10)=0,"",SUMIFS('Raw Data'!$T$2:$T$205,'Raw Data'!$A$2:$A$205,"Ar",'Raw Data'!$B$2:$B$205,"Algebraic",'Raw Data'!$C$2:$C$205,10)) -> 0.0085801971
A8: 15 | B8: =IF(COUNTIFS('Raw Data'!$A$2:$A$205,"Ar",'Raw Data'!$B$2:$B$205,"Midpoint",'Raw Data'!$C$2:$C$205,15)=0,"",SUMIFS('Raw Data'!$T$2:$T$205,'Raw Data'!$A$2:$A$205,"Ar",'Raw Data'!$B$2:$B$205,"Midpoint",'Raw Data'!$C$2:$C$205,15)) -> 0.00024118199 | C8: =IF(COUNTIFS('Raw Data'!$A$2:$A$205,"Ar",'Raw Data'!$B$2:$B$205,"Trapezoidal",'Raw Data'!$C$2:$C$205,15)=0,"",SUMIFS('Raw Data'!$T$2:$T$205,'Raw Data'!$A$2:$A$205,"Ar",'Raw Data'!$B$2:$B$205,"Trapezoidal",'Raw Data'!$C$2:$C$205,15)) -> 0.00038222642 | D8: =IF(COUNTIFS('Raw Data'!$A$2:$A$205,"Ar",'Raw Data'!$B$2:$B$205,"CC",'Raw Data'!$C$2:$C$205,15)=0,"",SUMIFS('Raw Data'!$T$2:$T$205,'Raw Data'!$A$2:$A$205,"Ar",'Raw Data'!$B$2:$B$205,"CC",'Raw Data'!$C$2:$C$205,15)) -> 0.0026215989 | E8: =IF(COUNTIFS('Raw Data'!$A$2:$A$205,"Ar",'Raw Data'!$B$2:$B$205,"GL",'Raw Data'!$C$2:$C$205,15)=0,"",SUMIFS('Raw Data'!$T$2:$T$205,'Raw Data'!$A$2:$A$205,"Ar",'Raw Data'!$B$2:$B$205,"GL",'Raw Data'!$C$2:$C$205,15)) -> 0.0021555729 | F8: =IF(COUNTIFS('Raw Data'!$A$2:$A$205,"Ar",'Raw Data'!$B$2:$B$205,"Algebraic",'Raw Data'!$C$2:$C$205,15)=0,"",SUMIFS('Raw Data'!$T$2:$T$205,'Raw Data'!$A$2:$A$205,"Ar",'Raw Data'!$B$2:$B$205,"Algebraic",'Raw Data'!$C$2:$C$205,15)) -> 0.0083175705
A9: 20 | B9: =IF(COUNTIFS('Raw Data'!$A$2:$A$205,"Ar",'Raw Data'!$B$2:$B$205,"Midpoint",'Raw Data'!$C$2:$C$205,20)=0,"",SUMIFS('Raw Data'!$T$2:$T$205,'Raw Data'!$A$2:$A$205,"Ar",'Raw Data'!$B$2:$B$205,"Midpoint",'Raw Data'!$C$2:$C$205,20)) -> 2.2364385e-05 | C9: =IF(COUNTIFS('Raw Data'!$A$2:$A$205,"Ar",'Raw Data'!$B$2:$B$205,"Trapezoidal",'Raw Data'!$C$2:$C$205,20)=0,"",SUMIFS('Raw Data'!$T$2:$T$205,'Raw Data'!$A$2:$A$205,"Ar",'Raw Data'!$B$2:$B$205,"Trapezoidal",'Raw Data'!$C$2:$C$205,20)) -> 4.2903232e-05 | D9: =IF(COUNTIFS('Raw Data'!$A$2:$A$205,"Ar",'Raw Data'!$B$2:$B$205,"CC",'Raw Data'!$C$2:$C$205,20)=0,"",SUMIFS('Raw Data'!$T$2:$T$205,'Raw Data'!$A$2:$A$205,"Ar",'Raw Data'!$B$2:$B$205,"CC",'Raw Data'!$C$2:$C$205,20)) -> 0.00023709396 | E9: =IF(COUNTIFS('Raw Data'!$A$2:$A$205,"Ar",'Raw Data'!$B$2:$B$205,"GL",'Raw Data'!$C$2:$C$205,20)=0,"",SUMIFS('Raw Data'!$T$2:$T$205,'Raw Data'!$A$2:$A$205,"Ar",'Raw Data'!$B$2:$B$205,"GL",'Raw Data'!$C$2:$C$205,20)) -> 0.00010364825 | F9: =IF(COUNTIFS('Raw Data'!$A$2:$A$205,"Ar",'Raw Data'!$B$2:$B$205,"Algebraic",'Raw Data'!$C$2:$C$205,20)=0,"",SUMIFS('Raw Data'!$T$2:$T$205,'Raw Data'!$A$2:$A$205,"Ar",'Raw Data'!$B$2:$B$205,"Algebraic",'Raw Data'!$C$2:$C$205,20)) -> 0.0069189755
A10: 30 | B10: =IF(COUNTIFS('Raw Data'!$A$2:$A$205,"Ar",'Raw Data'!$B$2:$B$205,"Midpoint",'Raw Data'!$C$2:$C$205,30)=0,"",SUMIFS('Raw Data'!$T$2:$T$205,'Raw Data'!$A$2:$A$205,"Ar",'Raw Data'!$B$2:$B$205,"Midpoint",'Raw Data'!$C$2:$C$205,30)) -> 7.1372597e-10 | C10: =IF(COUNTIFS('Raw Data'!$A$2:$A$205,"Ar",'Raw Data'!$B$2:$B$205,"Trapezoidal",'Raw Data'!$C$2:$C$205,30)=0,"",SUMIFS('Raw Data'!$T$2:$T$205,'Raw Data'!$A$2:$A$205,"Ar",'Raw Data'!$B$2:$B$205,"Trapezoidal",'Raw Data'!$C$2:$C$205,30)) -> 7.7990649e-08 | D10: =IF(COUNTIFS('Raw Data'!$A$2:$A$205,"Ar",'Raw Data'!$B$2:$B$205,"CC",'Raw Data'!$C$2:$C$205,30)=0,"",SUMIFS('Raw Data'!$T$2:$T$205,'Raw Data'!$A$2:$A$205,"Ar",'Raw Data'!$B$2:$B$205,"CC",'Raw Data'!$C$2:$C$205,30)) -> 1.1710337e-06 | E10: =IF(COUNTIFS('Raw Data'!$A$2:$A$205,"Ar",'Raw Data'!$B$2:$B$205,"GL",'Raw Data'!$C$2:$C$205,30)=0,"",SUMIFS('Raw Data'!$T$2:$T$205,'Raw Data'!$A$2:$A$205,"Ar",'Raw Data'!$B$2:$B$205,"GL",'Raw Data'!$C$2:$C$205,30)) -> 3.8447666e-06 | F10: =IF(COUNTIFS('Raw Data'!$A$2:$A$205,"Ar",'Raw Data'!$B$2:$B$205,"Algebraic",'Raw Data'!$C$2:$C$205,30)=0,"",SUMIFS('Raw Data'!$T$2:$T$205,'Raw Data'!$A$2:$A$205,"Ar",'Raw Data'!$B$2:$B$205,"Algebraic",'Raw Data'!$C$2:$C$205,30)) -> 0.0023223122
A11: 50 | B11: =IF(COUNTIFS('Raw Data'!$A$2:$A$205,"Ar",'Raw Data'!$B$2:$B$205,"Midpoint",'Raw Data'!$C$2:$C$205,50)=0,"",SUMIFS('Raw Data'!$T$2:$T$205,'Raw Data'!$A$2:$A$205,"Ar",'Raw Data'!$B$2:$B$205,"Midpoint",'Raw Data'!$C$2:$C$205,50)) -> 2.1600499e-12 | C11: =IF(COUNTIFS('Raw Data'!$A$2:$A$205,"Ar",'Raw Data'!$B$2:$B$205,"Trapezoidal",'Raw Data'!$C$2:$C$205,50)=0,"",SUMIFS('Raw Data'!$T$2:$T$205,'Raw Data'!$A$2:$A$205,"Ar",'Raw Data'!$B$2:$B$205,"Trapezoidal",'Raw Data'!$C$2:$C$205,50)) -> 7.3896445e-12 | D11: =IF(COUNTIFS('Raw Data'!$A$2:$A$205,"Ar",'Raw Data'!$B$2:$B$205,"CC",'Raw Data'!$C$2:$C$205,50)=0,"",SUMIFS('Raw Data'!$T$2:$T$205,'Raw Data'!$A$2:$A$205,"Ar",'Raw Data'!$B$2:$B$205,"CC",'Raw Data'!$C$2:$C$205,50)) -> 2.1902906e-09 | E11: =IF(COUNTIFS('Raw Data'!$A$2:$A$205,"Ar",'Raw Data'!$B$2:$B$205,"GL",'Raw Data'!$C$2:$C$205,50)=0,"",SUMIFS('Raw Data'!$T$2:$T$205,'Raw Data'!$A$2:$A$205,"Ar",'Raw Data'!$B$2:$B$205,"GL",'Raw Data'!$C$2:$C$205,50)) -> 2.2082531e-09 | F11: =IF(COUNTIFS('Raw Data'!$A$2:$A$205,"Ar",'Raw Data'!$B$2:$B$205,"Algebraic",'Raw Data'!$C$2:$C$205,50)=0,"",SUMIFS('Raw Data'!$T$2:$T$205,'Raw Data'!$A$2:$A$205,"Ar",'Raw Data'!$B$2:$B$205,"Algebraic",'Raw Data'!$C$2:$C$205,50)) -> 0.00054137464
A14: Correlation Energy
A15: nω | B15: Midpoint | C15: Trapezoidal | D15: CC | E15: GL | F15: Algebraic
A16: 5 | B16: =IF(COUNTIFS('Raw Data'!$A$2:$A$205,"Ar",'Raw Data'!$B$2:$B$205,"Midpoint",'Raw Data'!$C$2:$C$205,5)=0,"",SUMIFS('Raw Data'!$U$2:$U$205,'Raw Data'!$A$2:$A$205,"Ar",'Raw Data'!$B$2:$B$205,"Midpoint",'Raw Data'!$C$2:$C$205,5)) -> 0.13864904 | C16: =IF(COUNTIFS('Raw Data'!$A$2:$A$205,"Ar",'Raw Data'!$B$2:$B$205,"Trapezoidal",'Raw Data'!$C$2:$C$205,5)=0,"",SUMIFS('Raw Data'!$U$2:$U$205,'Raw Data'!$A$2:$A$205,"Ar",'Raw Data'!$B$2:$B$205,"Trapezoidal",'Raw Data'!$C$2:$C$205,5)) -> 0.077314919 | D16: =IF(COUNTIFS('Raw Data'!$A$2:$A$205,"Ar",'Raw Data'!$B$2:$B$205,"CC",'Raw Data'!$C$2:$C$205,5)=0,"",SUMIFS('Raw Data'!$U$2:$U$205,'Raw Data'!$A$2:$A$205,"Ar",'Raw Data'!$B$2:$B$205,"CC",'Raw Data'!$C$2:$C$205,5)) -> 0.12996696 | E16: =IF(COUNTIFS('Raw Data'!$A$2:$A$205,"Ar",'Raw Data'!$B$2:$B$205,"GL",'Raw Data'!$C$2:$C$205,5)=0,"",SUMIFS('Raw Data'!$U$2:$U$205,'Raw Data'!$A$2:$A$205,"Ar",'Raw Data'!$B$2:$B$205,"GL",'Raw Data'!$C$2:$C$205,5)) -> 0.17247508 | F16: =IF(COUNTIFS('Raw Data'!$A$2:$A$205,"Ar",'Raw Data'!$B$2:$B$205,"Algebraic",'Raw Data'!$C$2:$C$205,5)=0,"",SUMIFS('Raw Data'!$U$2:$U$205,'Raw Data'!$A$2:$A$205,"Ar",'Raw Data'!$B$2:$B$205,"Algebraic",'Raw Data'!$C$2:$C$205,5)) -> 0.034875403
A17: 10 | B17: =IF(COUNTIFS('Raw Data'!$A$2:$A$205,"Ar",'Raw Data'!$B$2:$B$205,"Midpoint",'Raw Data'!$C$2:$C$205,10)=0,"",SUMIFS('Raw Data'!$U$2:$U$205,'Raw Data'!$A$2:$A$205,"Ar",'Raw Data'!$B$2:$B$205,"Midpoint",'Raw Data'!$C$2:$C$205,10)) -> 0.0026707077 | C17: =IF(COUNTIFS('Raw Data'!$A$2:$A$205,"Ar",'Raw Data'!$B$2:$B$205,"Trapezoidal",'Raw Data'!$C$2:$C$205,10)=0,"",SUMIFS('Raw Data'!$U$2:$U$205,'Raw Data'!$A$2:$A$205,"Ar",'Raw Data'!$B$2:$B$205,"Trapezoidal",'Raw Data'!$C$2:$C$205,10)) -> 0.0050970908 | D17: =IF(COUNTIFS('Raw Data'!$A$2:$A$205,"Ar",'Raw Data'!$B$2:$B$205,"CC",'Raw Data'!$C$2:$C$205,10)=0,"",SUMIFS('Raw Data'!$U$2:$U$205,'Raw Data'!$A$2:$A$205,"Ar",'Raw Data'!$B$2:$B$205,"CC",'Raw Data'!$C$2:$C$205,10)) -> 0.018597172 | E17: =IF(COUNTIFS('Raw Data'!$A$2:$A$205,"Ar",'Raw Data'!$B$2:$B$205,"GL",'Raw Data'!$C$2:$C$205,10)=0,"",SUMIFS('Raw Data'!$U$2:$U$205,'Raw Data'!$A$2:$A$205,"Ar",'Raw Data'!$B$2:$B$205,"GL",'Raw Data'!$C$2:$C$205,10)) -> 0.026573164 | F17: =IF(COUNTIFS('Raw Data'!$A$2:$A$205,"Ar",'Raw Data'!$B$2:$B$205,"Algebraic",'Raw Data'!$C$2:$C$205,10)=0,"",SUMIFS('Raw Data'!$U$2:$U$205,'Raw Data'!$A$2:$A$205,"Ar",'Raw Data'!$B$2:$B$205,"Algebraic",'Raw Data'!$C$2:$C$205,10)) -> 0.0085649004
A18: 15 | B18: =IF(COUNTIFS('Raw Data'!$A$2:$A$205,"Ar",'Raw Data'!$B$2:$B$205,"Midpoint",'Raw Data'!$C$2:$C$205,15)=0,"",SUMIFS('Raw Data'!$U$2:$U$205,'Raw Data'!$A$2:$A$205,"Ar",'Raw Data'!$B$2:$B$205,"Midpoint",'Raw Data'!$C$2:$C$205,15)) -> 0.00023314907 | C18: =IF(COUNTIFS('Raw Data'!$A$2:$A$205,"Ar",'Raw Data'!$B$2:$B$205,"Trapezoidal",'Raw Data'!$C$2:$C$205,15)=0,"",SUMIFS('Raw Data'!$U$2:$U$205,'Raw Data'!$A$2:$A$205,"Ar",'Raw Data'!$B$2:$B$205,"Trapezoidal",'Raw Data'!$C$2:$C$205,15)) -> 0.00041370309 | D18: =IF(COUNTIFS('Raw Data'!$A$2:$A$205,"Ar",'Raw Data'!$B$2:$B$205,"CC",'Raw Data'!$C$2:$C$205,15)=0,"",SUMIFS('Raw Data'!$U$2:$U$205,'Raw Data'!$A$2:$A$205,"Ar",'Raw Data'!$B$2:$B$205,"CC",'Raw Data'!$C$2:$C$205,15)) -> 0.0025594154 | E18: =IF(COUNTIFS('Raw Data'!$A$2:$A$205,"Ar",'Raw Data'!$B$2:$B$205,"GL",'Raw Data'!$C$2:$C$205,15)=0,"",SUMIFS('Raw Data'!$U$2:$U$205,'Raw Data'!$A$2:$A$205,"Ar",'Raw Data'!$B$2:$B$205,"GL",'Raw Data'!$C$2:$C$205,15)) -> 0.002126588 | F18: =IF(COUNTIFS('Raw Data'!$A$2:$A$205,"Ar",'Raw Data'!$B$2:$B$205,"Algebraic",'Raw Data'!$C$2:$C$205,15)=0,"",SUMIFS('Raw Data'!$U$2:$U$205,'Raw Data'!$A$2:$A$205,"Ar",'Raw Data'!$B$2:$B$205,"Algebraic",'Raw Data'!$C$2:$C$205,15)) -> 0.0083212058
A19: 20 | B19: =IF(COUNTIFS('Raw Data'!$A$2:$A$205,"Ar",'Raw Data'!$B$2:$B$205,"Midpoint",'Raw Data'!$C$2:$C$205,20)=0,"",SUMIFS('Raw Data'!$U$2:$U$205,'Raw Data'!$A$2:$A$205,"Ar",'Raw Data'!$B$2:$B$205,"Midpoint",'Raw Data'!$C$2:$C$205,20)) -> 2.1128332e-05 | C19: =IF(COUNTIFS('Raw Data'!$A$2:$A$205,"Ar",'Raw Data'!$B$2:$B$205,"Trapezoidal",'Raw Data'!$C$2:$C$205,20)=0,"",SUMIFS('Raw Data'!$U$2:$U$205,'Raw Data'!$A$2:$A$205,"Ar",'Raw Data'!$B$2:$B$205,"Trapezoidal",'Raw Data'!$C$2:$C$205,20)) -> 4.2473372e-05 | D19: =IF(COUNTIFS('Raw Data'!$A$2:$A$205,"Ar",'Raw Data'!$B$2:$B$205,"CC",'Raw Data'!$C$2:$C$205,20)=0,"",SUMIFS('Raw Data'!$U$2:$U$205,'Raw Data'!$A$2:$A$205,"Ar",'Raw Data'!$B$2:$B$205,"CC",'Raw Data'!$C$2:$C$205,20)) -> 0.00025133551 | E19: =IF(COUNTIFS('Raw Data'!$A$2:$A$205,"Ar",'Raw Data'!$B$2:$B$205,"GL",'Raw Data'!$C$2:$C$205,20)=0,"",SUMIFS('Raw Data'!$U$2:$U$205,'Raw Data'!$A$2:$A$205,"Ar",'Raw Data'!$B$2:$B$205,"GL",'Raw Data'!$C$2:$C$205,20)) -> 9.6862377e-05 | F19: =IF(COUNTIFS('Raw Data'!$A$2:$A$205,"Ar",'Raw Data'!$B$2:$B$205,"Algebraic",'Raw Data'!$C$2:$C$205,20)=0,"",SUMIFS('Raw Data'!$U$2:$U$205,'Raw Data'!$A$2:$A$205,"Ar",'Raw Data'!$B$2:$B$205,"Algebraic",'Raw Data'!$C$2:$C$205,20)) -> 0.006920856
A20: 30 | B20: =IF(COUNTIFS('Raw Data'!$A$2:$A$205,"Ar",'Raw Data'!$B$2:$B$205,"Midpoint",'Raw Data'!$C$2:$C$205,30)=0,"",SUMIFS('Raw Data'!$U$2:$U$205,'Raw Data'!$A$2:$A$205,"Ar",'Raw Data'!$B$2:$B$205,"Midpoint",'Raw Data'!$C$2:$C$205,30)) -> 6.015564e-09 | C20: =IF(COUNTIFS('Raw Data'!$A$2:$A$205,"Ar",'Raw Data'!$B$2:$B$205,"Trapezoidal",'Raw Data'!$C$2:$C$205,30)=0,"",SUMIFS('Raw Data'!$U$2:$U$205,'Raw Data'!$A$2:$A$205,"Ar",'Raw Data'!$B$2:$B$205,"Trapezoidal",'Raw Data'!$C$2:$C$205,30)) -> 7.9580885e-08 | D20: =IF(COUNTIFS('Raw Data'!$A$2:$A$205,"Ar",'Raw Data'!$B$2:$B$205,"CC",'Raw Data'!$C$2:$C$205,30)=0,"",SUMIFS('Raw Data'!$U$2:$U$205,'Raw Data'!$A$2:$A$205,"Ar",'Raw Data'!$B$2:$B$205,"CC",'Raw Data'!$C$2:$C$205,30)) -> 8.9413461e-07 | E20: =IF(COUNTIFS('Raw Data'!$A$2:$A$205,"Ar",'Raw Data'!$B$2:$B$205,"GL",'Raw Data'!$C$2:$C$205,30)=0,"",SUMIFS('Raw Data'!$U$2:$U$205,'Raw Data'!$A$2:$A$205,"Ar",'Raw Data'!$B$2:$B$205,"GL",'Raw Data'!$C$2:$C$205,30)) -> 3.9227586e-06 | F20: =IF(COUNTIFS('Raw Data'!$A$2:$A$205,"Ar",'Raw Data'!$B$2:$B$205,"Algebraic",'Raw Data'!$C$2:$C$205,30)=0,"",SUMIFS('Raw Data'!$U$2:$U$205,'Raw Data'!$A$2:$A$205,"Ar",'Raw Data'!$B$2:$B$205,"Algebraic",'Raw Data'!$C$2:$C$205,30)) -> 0.0023227424
A21: 50 | B21: =IF(COUNTIFS('Raw Data'!$A$2:$A$205,"Ar",'Raw Data'!$B$2:$B$205,"Midpoint",'Raw Data'!$C$2:$C$205,50)=0,"",SUMIFS('Raw Data'!$U$2:$U$205,'Raw Data'!$A$2:$A$205,"Ar",'Raw Data'!$B$2:$B$205,"Midpoint",'Raw Data'!$C$2:$C$205,50)) -> 3.1479264e-12 | C21: =IF(COUNTIFS('Raw Data'!$A$2:$A$205,"Ar",'Raw Data'!$B$2:$B$205,"Trapezoidal",'Raw Data'!$C$2:$C$205,50)=0,"",SUMIFS('Raw Data'!$U$2:$U$205,'Raw Data'!$A$2:$A$205,"Ar",'Raw Data'!$B$2:$B$205,"Trapezoidal",'Raw Data'!$C$2:$C$205,50)) -> 5.909051e-12 | D21: =IF(COUNTIFS('Raw Data'!$A$2:$A$205,"Ar",'Raw Data'!$B$2:$B$205,"CC",'Raw Data'!$C$2:$C$205,50)=0,"",SUMIFS('Raw Data'!$U$2:$U$205,'Raw Data'!$A$2:$A$205,"Ar",'Raw Data'!$B$2:$B$205,"CC",'Raw Data'!$C$2:$C$205,50)) -> 2.184535e-09 | E21: =IF(COUNTIFS('Raw Data'!$A$2:$A$205,"Ar",'Raw Data'!$B$2:$B$205,"GL",'Raw Data'!$C$2:$C$205,50)=0,"",SUMIFS('Raw Data'!$U$2:$U$205,'Raw Data'!$A$2:$A$205,"Ar",'Raw Data'!$B$2:$B$205,"GL",'Raw Data'!$C$2:$C$205,50)) -> 2.193034e-09 | F21: =IF(COUNTIFS('Raw Data'!$A$2:$A$205,"Ar",'Raw Data'!$B$2:$B$205,"Algebraic",'Raw Data'!$C$2:$C$205,50)=0,"",SUMIFS('Raw Data'!$U$2:$U$205,'Raw Data'!$A$2:$A$205,"Ar",'Raw Data'!$B$2:$B$205,"Algebraic",'Raw Data'!$C$2:$C$205,50)) -> 0.00054126729
A24: Max Eigenvalue Difference
A25: nω | B25: Midpoint | C25: Trapezoidal | D25: CC | E25: GL | F25: Algebraic
A26: 5 | B26: =IF(COUNTIFS('Raw Data'!$A$2:$A$205,"Ar",'Raw Data'!$B$2:$B$205,"Midpoint",'Raw Data'!$C$2:$C$205,5)=0,"",SUMIFS('Raw Data'!$AJ$2:$AJ$205,'Raw Data'!$A$2:$A$205,"Ar",'Raw Data'!$B$2:$B$205,"Midpoint",'Raw Data'!$C$2:$C$205,5)) -> 0.065589215 | C26: =IF(COUNTIFS('Raw Data'!$A$2:$A$205,"Ar",'Raw Data'!$B$2:$B$205,"Trapezoidal",'Raw Data'!$C$2:$C$205,5)=0,"",SUMIFS('Raw Data'!$AJ$2:$AJ$205,'Raw Data'!$A$2:$A$205,"Ar",'Raw Data'!$B$2:$B$205,"Trapezoidal",'Raw Data'!$C$2:$C$205,5)) -> 0.40486731 | D26: =IF(COUNTIFS('Raw Data'!$A$2:$A$205,"Ar",'Raw Data'!$B$2:$B$205,"CC",'Raw Data'!$C$2:$C$205,5)=0,"",SUMIFS('Raw Data'!$AJ$2:$AJ$205,'Raw Data'!$A$2:$A$205,"Ar",'Raw Data'!$B$2:$B$205,"CC",'Raw Data'!$C$2:$C$205,5)) -> 0.26254662 | E26: =IF(COUNTIFS('Raw Data'!$A$2:$A$205,"Ar",'Raw Data'!$B$2:$B$205,"GL",'Raw Data'!$C$2:$C$205,5)=0,"",SUMIFS('Raw Data'!$AJ$2:$AJ$205,'Raw Data'!$A$2:$A$205,"Ar",'Raw Data'!$B$2:$B$205,"GL",'Raw Data'!$C$2:$C$205,5)) -> 0.16894436 | F26: =IF(COUNTIFS('Raw Data'!$A$2:$A$205,"Ar",'Raw Data'!$B$2:$B$205,"Algebraic",'Raw Data'!$C$2:$C$205,5)=0,"",SUMIFS('Raw Data'!$AJ$2:$AJ$205,'Raw Data'!$A$2:$A$205,"Ar",'Raw Data'!$B$2:$B$205,"Algebraic",'Raw Data'!$C$2:$C$205,5)) -> 0.033126948
A27: 10 | B27: =IF(COUNTIFS('Raw Data'!$A$2:$A$205,"Ar",'Raw Data'!$B$2:$B$205,"Midpoint",'Raw Data'!$C$2:$C$205,10)=0,"",SUMIFS('Raw Data'!$AJ$2:$AJ$205,'Raw Data'!$A$2:$A$205,"Ar",'Raw Data'!$B$2:$B$205,"Midpoint",'Raw Data'!$C$2:$C$205,10)) -> 0.057729953 | C27: =IF(COUNTIFS('Raw Data'!$A$2:$A$205,"Ar",'Raw Data'!$B$2:$B$205,"Trapezoidal",'Raw Data'!$C$2:$C$205,10)=0,"",SUMIFS('Raw Data'!$AJ$2:$AJ$205,'Raw Data'!$A$2:$A$205,"Ar",'Raw Data'!$B$2:$B$205,"Trapezoidal",'Raw Data'!$C$2:$C$205,10)) -> 0.20399811 | D27: =IF(COUNTIFS('Raw Data'!$A$2:$A$205,"Ar",'Raw Data'!$B$2:$B$205,"CC",'Raw Data'!$C$2:$C$205,10)=0,"",SUMIFS('Raw Data'!$AJ$2:$AJ$205,'Raw Data'!$A$2:$A$205,"Ar",'Raw Data'!$B$2:$B$205,"CC",'Raw Data'!$C$2:$C$205,10)) -> 0.076392909 | E27: =IF(COUNTIFS('Raw Data'!$A$2:$A$205,"Ar",'Raw Data'!$B$2:$B$205,"GL",'Raw Data'!$C$2:$C$205,10)=0,"",SUMIFS('Raw Data'!$AJ$2:$AJ$205,'Raw Data'!$A$2:$A$205,"Ar",'Raw Data'!$B$2:$B$205,"GL",'Raw Data'!$C$2:$C$205,10)) -> 0.062276754 | F27: =IF(COUNTIFS('Raw Data'!$A$2:$A$205,"Ar",'Raw Data'!$B$2:$B$205,"Algebraic",'Raw Data'!$C$2:$C$205,10)=0,"",SUMIFS('Raw Data'!$AJ$2:$AJ$205,'Raw Data'!$A$2:$A$205,"Ar",'Raw Data'!$B$2:$B$205,"Algebraic",'Raw Data'!$C$2:$C$205,10)) -> 0.032086171
A28: 15 | B28: =IF(COUNTIFS('Raw Data'!$A$2:$A$205,"Ar",'Raw Data'!$B$2:$B$205,"Midpoint",'Raw Data'!$C$2:$C$205,15)=0,"",SUMIFS('Raw Data'!$AJ$2:$AJ$205,'Raw Data'!$A$2:$A$205,"Ar",'Raw Data'!$B$2:$B$205,"Midpoint",'Raw Data'!$C$2:$C$205,15)) -> 0.10252416 | C28: =IF(COUNTIFS('Raw Data'!$A$2:$A$205,"Ar",'Raw Data'!$B$2:$B$205,"Trapezoidal",'Raw Data'!$C$2:$C$205,15)=0,"",SUMIFS('Raw Data'!$AJ$2:$AJ$205,'Raw Data'!$A$2:$A$205,"Ar",'Raw Data'!$B$2:$B$205,"Trapezoidal",'Raw Data'!$C$2:$C$205,15)) -> 0.11697583 | D28: =IF(COUNTIFS('Raw Data'!$A$2:$A$205,"Ar",'Raw Data'!$B$2:$B$205,"CC",'Raw Data'!$C$2:$C$205,15)=0,"",SUMIFS('Raw Data'!$AJ$2:$AJ$205,'Raw Data'!$A$2:$A$205,"Ar",'Raw Data'!$B$2:$B$205,"CC",'Raw Data'!$C$2:$C$205,15)) -> 0.029541022 | E28: =IF(COUNTIFS('Raw Data'!$A$2:$A$205,"Ar",'Raw Data'!$B$2:$B$205,"GL",'Raw Data'!$C$2:$C$205,15)=0,"",SUMIFS('Raw Data'!$AJ$2:$AJ$205,'Raw Data'!$A$2:$A$205,"Ar",'Raw Data'!$B$2:$B$205,"GL",'Raw Data'!$C$2:$C$205,15)) -> 0.018806598 | F28: =IF(COUNTIFS('Raw Data'!$A$2:$A$205,"Ar",'Raw Data'!$B$2:$B$205,"Algebraic",'Raw Data'!$C$2:$C$205,15)=0,"",SUMIFS('Raw Data'!$AJ$2:$AJ$205,'Raw Data'!$A$2:$A$205,"Ar",'Raw Data'!$B$2:$B$205,"Algebraic",'Raw Data'!$C$2:$C$205,15)) -> 0.0026838406
A29: 20 | B29: =IF(COUNTIFS('Raw Data'!$A$2:$A$205,"Ar",'Raw Data'!$B$2:$B$205,"Midpoint",'Raw Data'!$C$2:$C$205,20)=0,"",SUMIFS('Raw Data'!$AJ$2:$AJ$205,'Raw Data'!$A$2:$A$205,"Ar",'Raw Data'!$B$2:$B$205,"Midpoint",'Raw Data'!$C$2:$C$205,20)) -> 0.070202189 | C29: =IF(COUNTIFS('Raw Data'!$A$2:$A$205,"Ar",'Raw Data'!$B$2:$B$205,"Trapezoidal",'Raw Data'!$C$2:$C$205,20)=0,"",SUMIFS('Raw Data'!$AJ$2:$AJ$205,'Raw Data'!$A$2:$A$205,"Ar",'Raw Data'!$B$2:$B$205,"Trapezoidal",'Raw Data'!$C$2:$C$205,20)) -> 0.077016761 | D29: =IF(COUNTIFS('Raw Data'!$A$2:$A$205,"Ar",'Raw Data'!$B$2:$B$205,"CC",'Raw Data'!$C$2:$C$205,20)=0,"",SUMIFS('Raw Data'!$AJ$2:$AJ$205,'Raw Data'!$A$2:$A$205,"Ar",'Raw Data'!$B$2:$B$205,"CC",'Raw Data'!$C$2:$C$205,20)) -> 0.0054524005 | E29: =IF(COUNTIFS('Raw Data'!$A$2:$A$205,"Ar",'Raw Data'!$B$2:$B$205,"GL",'Raw Data'!$C$2:$C$205,20)=0,"",SUMIFS('Raw Data'!$AJ$2:$AJ$205,'Raw Data'!$A$2:$A$205,"Ar",'Raw Data'!$B$2:$B$205,"GL",'Raw Data'!$C$2:$C$205,20)) -> 0.0057080618 | F29: =IF(COUNTIFS('Raw Data'!$A$2:$A$205,"Ar",'Raw Data'!$B$2:$B$205,"Algebraic",'Raw Data'!$C$2:$C$205,20)=0,"",SUMIFS('Raw Data'!$AJ$2:$AJ$205,'Raw Data'!$A$2:$A$205,"Ar",'Raw Data'!$B$2:$B$205,"Algebraic",'Raw Data'!$C$2:$C$205,20)) -> 0.0066848063
A30: 30 | B30: =IF(COUNTIFS('Raw Data'!$A$2:$A$205,"Ar",'Raw Data'!$B$2:$B$205,"Midpoint",'Raw Data'!$C$2:$C$205,30)=0,"",SUMIFS('Raw Data'!$AJ$2:$AJ$205,'Raw Data'!$A$2:$A$205,"Ar",'Raw Data'!$B$2:$B$205,"Midpoint",'Raw Data'!$C$2:$C$205,30)) -> 0.003567248 | C30: =IF(COUNTIFS('Raw Data'!$A$2:$A$205,"Ar",'Raw Data'!$B$2:$B$205,"Trapezoidal",'Raw Data'!$C$2:$C$205,30)=0,"",SUMIFS('Raw Data'!$AJ$2:$AJ$205,'Raw Data'!$A$2:$A$205,"Ar",'Raw Data'!$B$2:$B$205,"Trapezoidal",'Raw Data'!$C$2:$C$205,30)) -> 0.0064573949 | D30: =IF(COUNTIFS('Raw Data'!$A$2:$A$205,"Ar",'Raw Data'!$B$2:$B$205,"CC",'Raw Data'!$C$2:$C$205,30)=0,"",SUMIFS('Raw Data'!$AJ$2:$AJ$205,'Raw Data'!$A$2:$A$205,"Ar",'Raw Data'!$B$2:$B$205,"CC",'Raw Data'!$C$2:$C$205,30)) -> 0.00030235054 | E30: =IF(COUNTIFS('Raw Data'!$A$2:$A$205,"Ar",'Raw Data'!$B$2:$B$205,"GL",'Raw Data'!$C$2:$C$205,30)=0,"",SUMIFS('Raw Data'!$AJ$2:$AJ$205,'Raw Data'!$A$2:$A$205,"Ar",'Raw Data'!$B$2:$B$205,"GL",'Raw Data'!$C$2:$C$205,30)) -> 0.00015245611 | F30: =IF(COUNTIFS('Raw Data'!$A$2:$A$205,"Ar",'Raw Data'!$B$2:$B$205,"Algebraic",'Raw Data'!$C$2:$C$205,30)=0,"",SUMIFS('Raw Data'!$AJ$2:$AJ$205,'Raw Data'!$A$2:$A$205,"Ar",'Raw Data'!$B$2:$B$205,"Algebraic",'Raw Data'!$C$2:$C$205,30)) -> 0.0018492112
A31: 50 | B31: =IF(COUNTIFS('Raw Data'!$A$2:$A$205,"Ar",'Raw Data'!$B$2:$B$205,"Midpoint",'Raw Data'!$C$2:$C$205,50)=0,"",SUMIFS('Raw Data'!$AJ$2:$AJ$205,'Raw Data'!$A$2:$A$205,"Ar",'Raw Data'!$B$2:$B$205,"Midpoint",'Raw Data'!$C$2:$C$205,50)) -> 1.9089784e-06 | C31: =IF(COUNTIFS('Raw Data'!$A$2:$A$205,"Ar",'Raw Data'!$B$2:$B$205,"Trapezoidal",'Raw Data'!$C$2:$C$205,50)=0,"",SUMIFS('Raw Data'!$AJ$2:$AJ$205,'Raw Data'!$A$2:$A$205,"Ar",'Raw Data'!$B$2:$B$205,"Trapezoidal",'Raw Data'!$C$2:$C$205,50)) -> 4.2636558e-06 | D31: =IF(COUNTIFS('Raw Data'!$A$2:$A$205,"Ar",'Raw Data'!$B$2:$B$205,"CC",'Raw Data'!$C$2:$C$205,50)=0,"",SUMIFS('Raw Data'!$AJ$2:$AJ$205,'Raw Data'!$A$2:$A$205,"Ar",'Raw Data'!$B$2:$B$205,"CC",'Raw Data'!$C$2:$C$205,50)) -> 8.0178108e-08 | E31: =IF(COUNTIFS('Raw Data'!$A$2:$A$205,"Ar",'Raw Data'!$B$2:$B$205,"GL",'Raw Data'!$C$2:$C$205,50)=0,"",SUMIFS('Raw Data'!$AJ$2:$AJ$205,'Raw Data'!$A$2:$A$205,"Ar",'Raw Data'!$B$2:$B$205,"GL",'Raw Data'!$C$2:$C$205,50)) -> 2.7869405e-08 | F31: =IF(COUNTIFS('Raw Data'!$A$2:$A$205,"Ar",'Raw Data'!$B$2:$B$205,"Algebraic",'Raw Data'!$C$2:$C$205,50)=0,"",SUMIFS('Raw Data'!$AJ$2:$AJ$205,'Raw Data'!$A$2:$A$205,"Ar",'Raw Data'!$B$2:$B$205,"Algebraic",'Raw Data'!$C$2:$C$205,50)) -> 0.00048899798

Sheet Zn convergence
A1: RPA-OEP frequency-quadrature convergence — Zn
A2: Absolute error vs. each method's own nω=100 result (Ha). Blank = that (nω, method) combination is not present in the source data.
A4: Total Energy
A5: nω | B5: Midpoint | C5: Trapezoidal | D5: CC | E5: GL | F5: Algebraic
A6: 5 | B6: =IF(COUNTIFS('Raw Data'!$A$2:$A$205,"Zn",'Raw Data'!$B$2:$B$205,"Midpoint",'Raw Data'!$C$2:$C$205,5)=0,"",SUMIFS('Raw Data'!$T$2:$T$205,'Raw Data'!$A$2:$A$205,"Zn",'Raw Data'!$B$2:$B$205,"Midpoint",'Raw Data'!$C$2:$C$205,5)) -> 0.043851586 | C6: =IF(COUNTIFS('Raw Data'!$A$2:$A$205,"Zn",'Raw Data'!$B$2:$B$205,"Trapezoidal",'Raw Data'!$C$2:$C$205,5)=0,"",SUMIFS('Raw Data'!$T$2:$T$205,'Raw Data'!$A$2:$A$205,"Zn",'Raw Data'!$B$2:$B$205,"Trapezoidal",'Raw Data'!$C$2:$C$205,5)) -> 0.0022089775 | D6: =IF(COUNTIFS('Raw Data'!$A$2:$A$205,"Zn",'Raw Data'!$B$2:$B$205,"CC",'Raw Data'!$C$2:$C$205,5)=0,"",SUMIFS('Raw Data'!$T$2:$T$205,'Raw Data'!$A$2:$A$205,"Zn",'Raw Data'!$B$2:$B$205,"CC",'Raw Data'!$C$2:$C$205,5)) -> 0.01502742 | E6: =IF(COUNTIFS('Raw Data'!$A$2:$A$205,"Zn",'Raw Data'!$B$2:$B$205,"GL",'Raw Data'!$C$2:$C$205,5)=0,"",SUMIFS('Raw Data'!$T$2:$T$205,'Raw Data'!$A$2:$A$205,"Zn",'Raw Data'!$B$2:$B$205,"GL",'Raw Data'!$C$2:$C$205,5)) -> 0.050055807 | F6: =IF(COUNTIFS('Raw Data'!$A$2:$A$205,"Zn",'Raw Data'!$B$2:$B$205,"Algebraic",'Raw Data'!$C$2:$C$205,5)=0,"",SUMIFS('Raw Data'!$T$2:$T$205,'Raw Data'!$A$2:$A$205,"Zn",'Raw Data'!$B$2:$B$205,"Algebraic",'Raw Data'!$C$2:$C$205,5)) -> 0.20916076
A7: 10 | B7: =IF(COUNTIFS('Raw Data'!$A$2:$A$205,"Zn",'Raw Data'!$B$2:$B$205,"Midpoint",'Raw Data'!$C$2:$C$205,10)=0,"",SUMIFS('Raw Data'!$T$2:$T$205,'Raw Data'!$A$2:$A$205,"Zn",'Raw Data'!$B$2:$B$205,"Midpoint",'Raw Data'!$C$2:$C$205,10)) -> 0.02731301 | C7: =IF(COUNTIFS('Raw Data'!$A$2:$A$205,"Zn",'Raw Data'!$B$2:$B$205,"Trapezoidal",'Raw Data'!$C$2:$C$205,10)=0,"",SUMIFS('Raw Data'!$T$2:$T$205,'Raw Data'!$A$2:$A$205,"Zn",'Raw Data'!$B$2:$B$205,"Trapezoidal",'Raw Data'!$C$2:$C$205,10)) -> 0.0054924597 | D7: =IF(COUNTIFS('Raw Data'!$A$2:$A$205,"Zn",'Raw Data'!$B$2:$B$205,"CC",'Raw Data'!$C$2:$C$205,10)=0,"",SUMIFS('Raw Data'!$T$2:$T$205,'Raw Data'!$A$2:$A$205,"Zn",'Raw Data'!$B$2:$B$205,"CC",'Raw Data'!$C$2:$C$205,10)) -> 0.066166244 | E7: =IF(COUNTIFS('Raw Data'!$A$2:$A$205,"Zn",'Raw Data'!$B$2:$B$205,"GL",'Raw Data'!$C$2:$C$205,10)=0,"",SUMIFS('Raw Data'!$T$2:$T$205,'Raw Data'!$A$2:$A$205,"Zn",'Raw Data'!$B$2:$B$205,"GL",'Raw Data'!$C$2:$C$205,10)) -> 0.014744899 | F7: =IF(COUNTIFS('Raw Data'!$A$2:$A$205,"Zn",'Raw Data'!$B$2:$B$205,"Algebraic",'Raw Data'!$C$2:$C$205,10)=0,"",SUMIFS('Raw Data'!$T$2:$T$205,'Raw Data'!$A$2:$A$205,"Zn",'Raw Data'!$B$2:$B$205,"Algebraic",'Raw Data'!$C$2:$C$205,10)) -> 0.021326682
A8: 15 | B8: =IF(COUNTIFS('Raw Data'!$A$2:$A$205,"Zn",'Raw Data'!$B$2:$B$205,"Midpoint",'Raw Data'!$C$2:$C$205,15)=0,"",SUMIFS('Raw Data'!$T$2:$T$205,'Raw Data'!$A$2:$A$205,"Zn",'Raw Data'!$B$2:$B$205,"Midpoint",'Raw Data'!$C$2:$C$205,15)) -> 8.7646675e-05 | C8: =IF(COUNTIFS('Raw Data'!$A$2:$A$205,"Zn",'Raw Data'!$B$2:$B$205,"Trapezoidal",'Raw Data'!$C$2:$C$205,15)=0,"",SUMIFS('Raw Data'!$T$2:$T$205,'Raw Data'!$A$2:$A$205,"Zn",'Raw Data'!$B$2:$B$205,"Trapezoidal",'Raw Data'!$C$2:$C$205,15)) -> 0.000606158 | D8: =IF(COUNTIFS('Raw Data'!$A$2:$A$205,"Zn",'Raw Data'!$B$2:$B$205,"CC",'Raw Data'!$C$2:$C$205,15)=0,"",SUMIFS('Raw Data'!$T$2:$T$205,'Raw Data'!$A$2:$A$205,"Zn",'Raw Data'!$B$2:$B$205,"CC",'Raw Data'!$C$2:$C$205,15)) -> 0.0066052141 | E8: =IF(COUNTIFS('Raw Data'!$A$2:$A$205,"Zn",'Raw Data'!$B$2:$B$205,"GL",'Raw Data'!$C$2:$C$205,15)=0,"",SUMIFS('Raw Data'!$T$2:$T$205,'Raw Data'!$A$2:$A$205,"Zn",'Raw Data'!$B$2:$B$205,"GL",'Raw Data'!$C$2:$C$205,15)) -> 0.011286031 | F8: =IF(COUNTIFS('Raw Data'!$A$2:$A$205,"Zn",'Raw Data'!$B$2:$B$205,"Algebraic",'Raw Data'!$C$2:$C$205,15)=0,"",SUMIFS('Raw Data'!$T$2:$T$205,'Raw Data'!$A$2:$A$205,"Zn",'Raw Data'!$B$2:$B$205,"Algebraic",'Raw Data'!$C$2:$C$205,15)) -> 0.013090406
A9: 20 | B9: =IF(COUNTIFS('Raw Data'!$A$2:$A$205,"Zn",'Raw Data'!$B$2:$B$205,"Midpoint",'Raw Data'!$C$2:$C$205,20)=0,"",SUMIFS('Raw Data'!$T$2:$T$205,'Raw Data'!$A$2:$A$205,"Zn",'Raw Data'!$B$2:$B$205,"Midpoint",'Raw Data'!$C$2:$C$205,20)) -> 0.00012710423 | C9: =IF(COUNTIFS('Raw Data'!$A$2:$A$205,"Zn",'Raw Data'!$B$2:$B$205,"Trapezoidal",'Raw Data'!$C$2:$C$205,20)=0,"",SUMIFS('Raw Data'!$T$2:$T$205,'Raw Data'!$A$2:$A$205,"Zn",'Raw Data'!$B$2:$B$205,"Trapezoidal",'Raw Data'!$C$2:$C$205,20)) -> 1.1506737e-05 | D9: =IF(COUNTIFS('Raw Data'!$A$2:$A$205,"Zn",'Raw Data'!$B$2:$B$205,"CC",'Raw Data'!$C$2:$C$205,20)=0,"",SUMIFS('Raw Data'!$T$2:$T$205,'Raw Data'!$A$2:$A$205,"Zn",'Raw Data'!$B$2:$B$205,"CC",'Raw Data'!$C$2:$C$205,20)) -> 0.0015447364 | E9: =IF(COUNTIFS('Raw Data'!$A$2:$A$205,"Zn",'Raw Data'!$B$2:$B$205,"GL",'Raw Data'!$C$2:$C$205,20)=0,"",SUMIFS('Raw Data'!$T$2:$T$205,'Raw Data'!$A$2:$A$205,"Zn",'Raw Data'!$B$2:$B$205,"GL",'Raw Data'!$C$2:$C$205,20)) -> 0.0008835682 | F9: =IF(COUNTIFS('Raw Data'!$A$2:$A$205,"Zn",'Raw Data'!$B$2:$B$205,"Algebraic",'Raw Data'!$C$2:$C$205,20)=0,"",SUMIFS('Raw Data'!$T$2:$T$205,'Raw Data'!$A$2:$A$205,"Zn",'Raw Data'!$B$2:$B$205,"Algebraic",'Raw Data'!$C$2:$C$205,20)) -> 0.001987167
A10: 30 | B10: =IF(COUNTIFS('Raw Data'!$A$2:$A$205,"Zn",'Raw Data'!$B$2:$B$205,"Midpoint",'Raw Data'!$C$2:$C$205,30)=0,"",SUMIFS('Raw Data'!$T$2:$T$205,'Raw Data'!$A$2:$A$205,"Zn",'Raw Data'!$B$2:$B$205,"Midpoint",'Raw Data'!$C$2:$C$205,30)) -> 7.0860096e-07 | C10: =IF(COUNTIFS('Raw Data'!$A$2:$A$205,"Zn",'Raw Data'!$B$2:$B$205,"Trapezoidal",'Raw Data'!$C$2:$C$205,30)=0,"",SUMIFS('Raw Data'!$T$2:$T$205,'Raw Data'!$A$2:$A$205,"Zn",'Raw Data'!$B$2:$B$205,"Trapezoidal",'Raw Data'!$C$2:$C$205,30)) -> 1.1106204e-07 | D10: =IF(COUNTIFS('Raw Data'!$A$2:$A$205,"Zn",'Raw Data'!$B$2:$B$205,"CC",'Raw Data'!$C$2:$C$205,30)=0,"",SUMIFS('Raw Data'!$T$2:$T$205,'Raw Data'!$A$2:$A$205,"Zn",'Raw Data'!$B$2:$B$205,"CC",'Raw Data'!$C$2:$C$205,30)) -> 1.3188762e-05 | E10: =IF(COUNTIFS('Raw Data'!$A$2:$A$205,"Zn",'Raw Data'!$B$2:$B$205,"GL",'Raw Data'!$C$2:$C$205,30)=0,"",SUMIFS('Raw Data'!$T$2:$T$205,'Raw Data'!$A$2:$A$205,"Zn",'Raw Data'!$B$2:$B$205,"GL",'Raw Data'!$C$2:$C$205,30)) -> 4.0655066e-05 | F10: =IF(COUNTIFS('Raw Data'!$A$2:$A$205,"Zn",'Raw Data'!$B$2:$B$205,"Algebraic",'Raw Data'!$C$2:$C$205,30)=0,"",SUMIFS('Raw Data'!$T$2:$T$205,'Raw Data'!$A$2:$A$205,"Zn",'Raw Data'!$B$2:$B$205,"Algebraic",'Raw Data'!$C$2:$C$205,30)) -> 0.0094278547
A11: 50 | B11: =IF(COUNTIFS('Raw Data'!$A$2:$A$205,"Zn",'Raw Data'!$B$2:$B$205,"Midpoint",'Raw Data'!$C$2:$C$205,50)=0,"",SUMIFS('Raw Data'!$T$2:$T$205,'Raw Data'!$A$2:$A$205,"Zn",'Raw Data'!$B$2:$B$205,"Midpoint",'Raw Data'!$C$2:$C$205,50)) -> 3.3878678e-11 | C11: =IF(COUNTIFS('Raw Data'!$A$2:$A$205,"Zn",'Raw Data'!$B$2:$B$205,"Trapezoidal",'Raw Data'!$C$2:$C$205,50)=0,"",SUMIFS('Raw Data'!$T$2:$T$205,'Raw Data'!$A$2:$A$205,"Zn",'Raw Data'!$B$2:$B$205,"Trapezoidal",'Raw Data'!$C$2:$C$205,50)) -> 1.29603e-11 | D11: =IF(COUNTIFS('Raw Data'!$A$2:$A$205,"Zn",'Raw Data'!$B$2:$B$205,"CC",'Raw Data'!$C$2:$C$205,50)=0,"",SUMIFS('Raw Data'!$T$2:$T$205,'Raw Data'!$A$2:$A$205,"Zn",'Raw Data'!$B$2:$B$205,"CC",'Raw Data'!$C$2:$C$205,50)) -> 1.6364083e-08 | E11: =IF(COUNTIFS('Raw Data'!$A$2:$A$205,"Zn",'Raw Data'!$B$2:$B$205,"GL",'Raw Data'!$C$2:$C$205,50)=0,"",SUMIFS('Raw Data'!$T$2:$T$205,'Raw Data'!$A$2:$A$205,"Zn",'Raw Data'!$B$2:$B$205,"GL",'Raw Data'!$C$2:$C$205,50)) -> 1.8001174e-09 | F11: =IF(COUNTIFS('Raw Data'!$A$2:$A$205,"Zn",'Raw Data'!$B$2:$B$205,"Algebraic",'Raw Data'!$C$2:$C$205,50)=0,"",SUMIFS('Raw Data'!$T$2:$T$205,'Raw Data'!$A$2:$A$205,"Zn",'Raw Data'!$B$2:$B$205,"Algebraic",'Raw Data'!$C$2:$C$205,50)) -> 0.0023011721
A14: Correlation Energy
A15: nω | B15: Midpoint | C15: Trapezoidal | D15: CC | E15: GL | F15: Algebraic
A16: 5 | B16: =IF(COUNTIFS('Raw Data'!$A$2:$A$205,"Zn",'Raw Data'!$B$2:$B$205,"Midpoint",'Raw Data'!$C$2:$C$205,5)=0,"",SUMIFS('Raw Data'!$U$2:$U$205,'Raw Data'!$A$2:$A$205,"Zn",'Raw Data'!$B$2:$B$205,"Midpoint",'Raw Data'!$C$2:$C$205,5)) -> 0.010647553 | C16: =IF(COUNTIFS('Raw Data'!$A$2:$A$205,"Zn",'Raw Data'!$B$2:$B$205,"Trapezoidal",'Raw Data'!$C$2:$C$205,5)=0,"",SUMIFS('Raw Data'!$U$2:$U$205,'Raw Data'!$A$2:$A$205,"Zn",'Raw Data'!$B$2:$B$205,"Trapezoidal",'Raw Data'!$C$2:$C$205,5)) -> 0.0018700808 | D16: =IF(COUNTIFS('Raw Data'!$A$2:$A$205,"Zn",'Raw Data'!$B$2:$B$205,"CC",'Raw Data'!$C$2:$C$205,5)=0,"",SUMIFS('Raw Data'!$U$2:$U$205,'Raw Data'!$A$2:$A$205,"Zn",'Raw Data'!$B$2:$B$205,"CC",'Raw Data'!$C$2:$C$205,5)) -> 0.0054123299 | E16: =IF(COUNTIFS('Raw Data'!$A$2:$A$205,"Zn",'Raw Data'!$B$2:$B$205,"GL",'Raw Data'!$C$2:$C$205,5)=0,"",SUMIFS('Raw Data'!$U$2:$U$205,'Raw Data'!$A$2:$A$205,"Zn",'Raw Data'!$B$2:$B$205,"GL",'Raw Data'!$C$2:$C$205,5)) -> 0.04813735 | F16: =IF(COUNTIFS('Raw Data'!$A$2:$A$205,"Zn",'Raw Data'!$B$2:$B$205,"Algebraic",'Raw Data'!$C$2:$C$205,5)=0,"",SUMIFS('Raw Data'!$U$2:$U$205,'Raw Data'!$A$2:$A$205,"Zn",'Raw Data'!$B$2:$B$205,"Algebraic",'Raw Data'!$C$2:$C$205,5)) -> 0.20957711
A17: 10 | B17: =IF(COUNTIFS('Raw Data'!$A$2:$A$205,"Zn",'Raw Data'!$B$2:$B$205,"Midpoint",'Raw Data'!$C$2:$C$205,10)=0,"",SUMIFS('Raw Data'!$U$2:$U$205,'Raw Data'!$A$2:$A$205,"Zn",'Raw Data'!$B$2:$B$205,"Midpoint",'Raw Data'!$C$2:$C$205,10)) -> 0.024175339 | C17: =IF(COUNTIFS('Raw Data'!$A$2:$A$205,"Zn",'Raw Data'!$B$2:$B$205,"Trapezoidal",'Raw Data'!$C$2:$C$205,10)=0,"",SUMIFS('Raw Data'!$U$2:$U$205,'Raw Data'!$A$2:$A$205,"Zn",'Raw Data'!$B$2:$B$205,"Trapezoidal",'Raw Data'!$C$2:$C$205,10)) -> 0.0031996469 | D17: =IF(COUNTIFS('Raw Data'!$A$2:$A$205,"Zn",'Raw Data'!$B$2:$B$205,"CC",'Raw Data'!$C$2:$C$205,10)=0,"",SUMIFS('Raw Data'!$U$2:$U$205,'Raw Data'!$A$2:$A$205,"Zn",'Raw Data'!$B$2:$B$205,"CC",'Raw Data'!$C$2:$C$205,10)) -> 0.06197303 | E17: =IF(COUNTIFS('Raw Data'!$A$2:$A$205,"Zn",'Raw Data'!$B$2:$B$205,"GL",'Raw Data'!$C$2:$C$205,10)=0,"",SUMIFS('Raw Data'!$U$2:$U$205,'Raw Data'!$A$2:$A$205,"Zn",'Raw Data'!$B$2:$B$205,"GL",'Raw Data'!$C$2:$C$205,10)) -> 0.015092788 | F17: =IF(COUNTIFS('Raw Data'!$A$2:$A$205,"Zn",'Raw Data'!$B$2:$B$205,"Algebraic",'Raw Data'!$C$2:$C$205,10)=0,"",SUMIFS('Raw Data'!$U$2:$U$205,'Raw Data'!$A$2:$A$205,"Zn",'Raw Data'!$B$2:$B$205,"Algebraic",'Raw Data'!$C$2:$C$205,10)) -> 0.021294944
A18: 15 | B18: =IF(COUNTIFS('Raw Data'!$A$2:$A$205,"Zn",'Raw Data'!$B$2:$B$205,"Midpoint",'Raw Data'!$C$2:$C$205,15)=0,"",SUMIFS('Raw Data'!$U$2:$U$205,'Raw Data'!$A$2:$A$205,"Zn",'Raw Data'!$B$2:$B$205,"Midpoint",'Raw Data'!$C$2:$C$205,15)) -> 0.0011101622 | C18: =IF(COUNTIFS('Raw Data'!$A$2:$A$205,"Zn",'Raw Data'!$B$2:$B$205,"Trapezoidal",'Raw Data'!$C$2:$C$205,15)=0,"",SUMIFS('Raw Data'!$U$2:$U$205,'Raw Data'!$A$2:$A$205,"Zn",'Raw Data'!$B$2:$B$205,"Trapezoidal",'Raw Data'!$C$2:$C$205,15)) -> 0.00067747372 | D18: =IF(COUNTIFS('Raw Data'!$A$2:$A$205,"Zn",'Raw Data'!$B$2:$B$205,"CC",'Raw Data'!$C$2:$C$205,15)=0,"",SUMIFS('Raw Data'!$U$2:$U$205,'Raw Data'!$A$2:$A$205,"Zn",'Raw Data'!$B$2:$B$205,"CC",'Raw Data'!$C$2:$C$205,15)) -> 0.0065996737 | E18: =IF(COUNTIFS('Raw Data'!$A$2:$A$205,"Zn",'Raw Data'!$B$2:$B$205,"GL",'Raw Data'!$C$2:$C$205,15)=0,"",SUMIFS('Raw Data'!$U$2:$U$205,'Raw Data'!$A$2:$A$205,"Zn",'Raw Data'!$B$2:$B$205,"GL",'Raw Data'!$C$2:$C$205,15)) -> 0.011143794 | F18: =IF(COUNTIFS('Raw Data'!$A$2:$A$205,"Zn",'Raw Data'!$B$2:$B$205,"Algebraic",'Raw Data'!$C$2:$C$205,15)=0,"",SUMIFS('Raw Data'!$U$2:$U$205,'Raw Data'!$A$2:$A$205,"Zn",'Raw Data'!$B$2:$B$205,"Algebraic",'Raw Data'!$C$2:$C$205,15)) -> 0.013056586
A19: 20 | B19: =IF(COUNTIFS('Raw Data'!$A$2:$A$205,"Zn",'Raw Data'!$B$2:$B$205,"Midpoint",'Raw Data'!$C$2:$C$205,20)=0,"",SUMIFS('Raw Data'!$U$2:$U$205,'Raw Data'!$A$2:$A$205,"Zn",'Raw Data'!$B$2:$B$205,"Midpoint",'Raw Data'!$C$2:$C$205,20)) -> 9.5461966e-05 | C19: =IF(COUNTIFS('Raw Data'!$A$2:$A$205,"Zn",'Raw Data'!$B$2:$B$205,"Trapezoidal",'Raw Data'!$C$2:$C$205,20)=0,"",SUMIFS('Raw Data'!$U$2:$U$205,'Raw Data'!$A$2:$A$205,"Zn",'Raw Data'!$B$2:$B$205,"Trapezoidal",'Raw Data'!$C$2:$C$205,20)) -> 0.00027436649 | D19: =IF(COUNTIFS('Raw Data'!$A$2:$A$205,"Zn",'Raw Data'!$B$2:$B$205,"CC",'Raw Data'!$C$2:$C$205,20)=0,"",SUMIFS('Raw Data'!$U$2:$U$205,'Raw Data'!$A$2:$A$205,"Zn",'Raw Data'!$B$2:$B$205,"CC",'Raw Data'!$C$2:$C$205,20)) -> 0.0015623779 | E19: =IF(COUNTIFS('Raw Data'!$A$2:$A$205,"Zn",'Raw Data'!$B$2:$B$205,"GL",'Raw Data'!$C$2:$C$205,20)=0,"",SUMIFS('Raw Data'!$U$2:$U$205,'Raw Data'!$A$2:$A$205,"Zn",'Raw Data'!$B$2:$B$205,"GL",'Raw Data'!$C$2:$C$205,20)) -> 0.00089422136 | F19: =IF(COUNTIFS('Raw Data'!$A$2:$A$205,"Zn",'Raw Data'!$B$2:$B$205,"Algebraic",'Raw Data'!$C$2:$C$205,20)=0,"",SUMIFS('Raw Data'!$U$2:$U$205,'Raw Data'!$A$2:$A$205,"Zn",'Raw Data'!$B$2:$B$205,"Algebraic",'Raw Data'!$C$2:$C$205,20)) -> 0.0020001162
A20: 30 | B20: =IF(COUNTIFS('Raw Data'!$A$2:$A$205,"Zn",'Raw Data'!$B$2:$B$205,"Midpoint",'Raw Data'!$C$2:$C$205,30)=0,"",SUMIFS('Raw Data'!$U$2:$U$205,'Raw Data'!$A$2:$A$205,"Zn",'Raw Data'!$B$2:$B$205,"Midpoint",'Raw Data'!$C$2:$C$205,30)) -> 3.7039186e-06 | C20: =IF(COUNTIFS('Raw Data'!$A$2:$A$205,"Zn",'Raw Data'!$B$2:$B$205,"Trapezoidal",'Raw Data'!$C$2:$C$205,30)=0,"",SUMIFS('Raw Data'!$U$2:$U$205,'Raw Data'!$A$2:$A$205,"Zn",'Raw Data'!$B$2:$B$205,"Trapezoidal",'Raw Data'!$C$2:$C$205,30)) -> 6.5860458e-06 | D20: =IF(COUNTIFS('Raw Data'!$A$2:$A$205,"Zn",'Raw Data'!$B$2:$B$205,"CC",'Raw Data'!$C$2:$C$205,30)=0,"",SUMIFS('Raw Data'!$U$2:$U$205,'Raw Data'!$A$2:$A$205,"Zn",'Raw Data'!$B$2:$B$205,"CC",'Raw Data'!$C$2:$C$205,30)) -> 1.2802065e-05 | E20: =IF(COUNTIFS('Raw Data'!$A$2:$A$205,"Zn",'Raw Data'!$B$2:$B$205,"GL",'Raw Data'!$C$2:$C$205,30)=0,"",SUMIFS('Raw Data'!$U$2:$U$205,'Raw Data'!$A$2:$A$205,"Zn",'Raw Data'!$B$2:$B$205,"GL",'Raw Data'!$C$2:$C$205,30)) -> 4.066203e-05 | F20: =IF(COUNTIFS('Raw Data'!$A$2:$A$205,"Zn",'Raw Data'!$B$2:$B$205,"Algebraic",'Raw Data'!$C$2:$C$205,30)=0,"",SUMIFS('Raw Data'!$U$2:$U$205,'Raw Data'!$A$2:$A$205,"Zn",'Raw Data'!$B$2:$B$205,"Algebraic",'Raw Data'!$C$2:$C$205,30)) -> 0.0094325252
A21: 50 | B21: =IF(COUNTIFS('Raw Data'!$A$2:$A$205,"Zn",'Raw Data'!$B$2:$B$205,"Midpoint",'Raw Data'!$C$2:$C$205,50)=0,"",SUMIFS('Raw Data'!$U$2:$U$205,'Raw Data'!$A$2:$A$205,"Zn",'Raw Data'!$B$2:$B$205,"Midpoint",'Raw Data'!$C$2:$C$205,50)) -> 9.4100017e-10 | C21: =IF(COUNTIFS('Raw Data'!$A$2:$A$205,"Zn",'Raw Data'!$B$2:$B$205,"Trapezoidal",'Raw Data'!$C$2:$C$205,50)=0,"",SUMIFS('Raw Data'!$U$2:$U$205,'Raw Data'!$A$2:$A$205,"Zn",'Raw Data'!$B$2:$B$205,"Trapezoidal",'Raw Data'!$C$2:$C$205,50)) -> 1.4218702e-09 | D21: =IF(COUNTIFS('Raw Data'!$A$2:$A$205,"Zn",'Raw Data'!$B$2:$B$205,"CC",'Raw Data'!$C$2:$C$205,50)=0,"",SUMIFS('Raw Data'!$U$2:$U$205,'Raw Data'!$A$2:$A$205,"Zn",'Raw Data'!$B$2:$B$205,"CC",'Raw Data'!$C$2:$C$205,50)) -> 1.5873118e-08 | E21: =IF(COUNTIFS('Raw Data'!$A$2:$A$205,"Zn",'Raw Data'!$B$2:$B$205,"GL",'Raw Data'!$C$2:$C$205,50)=0,"",SUMIFS('Raw Data'!$U$2:$U$205,'Raw Data'!$A$2:$A$205,"Zn",'Raw Data'!$B$2:$B$205,"GL",'Raw Data'!$C$2:$C$205,50)) -> 1.7325079e-09 | F21: =IF(COUNTIFS('Raw Data'!$A$2:$A$205,"Zn",'Raw Data'!$B$2:$B$205,"Algebraic",'Raw Data'!$C$2:$C$205,50)=0,"",SUMIFS('Raw Data'!$U$2:$U$205,'Raw Data'!$A$2:$A$205,"Zn",'Raw Data'!$B$2:$B$205,"Algebraic",'Raw Data'!$C$2:$C$205,50)) -> 0.0023019359
A24: Max Eigenvalue Difference
A25: nω | B25: Midpoint | C25: Trapezoidal | D25: CC | E25: GL | F25: Algebraic
A26: 5 | B26: =IF(COUNTIFS('Raw Data'!$A$2:$A$205,"Zn",'Raw Data'!$B$2:$B$205,"Midpoint",'Raw Data'!$C$2:$C$205,5)=0,"",SUMIFS('Raw Data'!$AJ$2:$AJ$205,'Raw Data'!$A$2:$A$205,"Zn",'Raw Data'!$B$2:$B$205,"Midpoint",'Raw Data'!$C$2:$C$205,5)) -> 0.041714556 | C26: =IF(COUNTIFS('Raw Data'!$A$2:$A$205,"Zn",'Raw Data'!$B$2:$B$205,"Trapezoidal",'Raw Data'!$C$2:$C$205,5)=0,"",SUMIFS('Raw Data'!$AJ$2:$AJ$205,'Raw Data'!$A$2:$A$205,"Zn",'Raw Data'!$B$2:$B$205,"Trapezoidal",'Raw Data'!$C$2:$C$205,5)) -> 0.20991855 | D26: =IF(COUNTIFS('Raw Data'!$A$2:$A$205,"Zn",'Raw Data'!$B$2:$B$205,"CC",'Raw Data'!$C$2:$C$205,5)=0,"",SUMIFS('Raw Data'!$AJ$2:$AJ$205,'Raw Data'!$A$2:$A$205,"Zn",'Raw Data'!$B$2:$B$205,"CC",'Raw Data'!$C$2:$C$205,5)) -> 0.082298467 | E26: =IF(COUNTIFS('Raw Data'!$A$2:$A$205,"Zn",'Raw Data'!$B$2:$B$205,"GL",'Raw Data'!$C$2:$C$205,5)=0,"",SUMIFS('Raw Data'!$AJ$2:$AJ$205,'Raw Data'!$A$2:$A$205,"Zn",'Raw Data'!$B$2:$B$205,"GL",'Raw Data'!$C$2:$C$205,5)) -> 0.10182419 | F26: =IF(COUNTIFS('Raw Data'!$A$2:$A$205,"Zn",'Raw Data'!$B$2:$B$205,"Algebraic",'Raw Data'!$C$2:$C$205,5)=0,"",SUMIFS('Raw Data'!$AJ$2:$AJ$205,'Raw Data'!$A$2:$A$205,"Zn",'Raw Data'!$B$2:$B$205,"Algebraic",'Raw Data'!$C$2:$C$205,5)) -> 0.070993638
A27: 10 | B27: =IF(COUNTIFS('Raw Data'!$A$2:$A$205,"Zn",'Raw Data'!$B$2:$B$205,"Midpoint",'Raw Data'!$C$2:$C$205,10)=0,"",SUMIFS('Raw Data'!$AJ$2:$AJ$205,'Raw Data'!$A$2:$A$205,"Zn",'Raw Data'!$B$2:$B$205,"Midpoint",'Raw Data'!$C$2:$C$205,10)) -> 0.0082075284 | C27: =IF(COUNTIFS('Raw Data'!$A$2:$A$205,"Zn",'Raw Data'!$B$2:$B$205,"Trapezoidal",'Raw Data'!$C$2:$C$205,10)=0,"",SUMIFS('Raw Data'!$AJ$2:$AJ$205,'Raw Data'!$A$2:$A$205,"Zn",'Raw Data'!$B$2:$B$205,"Trapezoidal",'Raw Data'!$C$2:$C$205,10)) -> 0.039994081 | D27: =IF(COUNTIFS('Raw Data'!$A$2:$A$205,"Zn",'Raw Data'!$B$2:$B$205,"CC",'Raw Data'!$C$2:$C$205,10)=0,"",SUMIFS('Raw Data'!$AJ$2:$AJ$205,'Raw Data'!$A$2:$A$205,"Zn",'Raw Data'!$B$2:$B$205,"CC",'Raw Data'!$C$2:$C$205,10)) -> 0.027616407 | E27: =IF(COUNTIFS('Raw Data'!$A$2:$A$205,"Zn",'Raw Data'!$B$2:$B$205,"GL",'Raw Data'!$C$2:$C$205,10)=0,"",SUMIFS('Raw Data'!$AJ$2:$AJ$205,'Raw Data'!$A$2:$A$205,"Zn",'Raw Data'!$B$2:$B$205,"GL",'Raw Data'!$C$2:$C$205,10)) -> 0.012143289 | F27: =IF(COUNTIFS('Raw Data'!$A$2:$A$205,"Zn",'Raw Data'!$B$2:$B$205,"Algebraic",'Raw Data'!$C$2:$C$205,10)=0,"",SUMIFS('Raw Data'!$AJ$2:$AJ$205,'Raw Data'!$A$2:$A$205,"Zn",'Raw Data'!$B$2:$B$205,"Algebraic",'Raw Data'!$C$2:$C$205,10)) -> 0.025478921
